val_acc_ema,run_id
0.8803701446987167,castmkyj
0.9062411785013468,3cx3n4cp
0.8464853175075916,tm5pwfd9
0.8788242437940962,qql23reh
