val_acc_ema,run_id
0.9017143398252716,8cngi5u9
0.8956094815205661,9kzilqcw
0.8929900648970636,32sjgrjm
0.8441631216537963,h7c24ftd
