val_acc_ema,run_id
0.9017662720037828,d29i4lc0
0.906596725202322,r1pvu4w6
0.8944649719401073,9gjc3ccq
0.905029237066725,xbyrs1qb
