val_acc_ema,run_id
0.8596204608109331,7cz2jum0
0.8675454429360776,ayfoknbi
0.8703468439751866,7be4ql3p
0.8565165730174683,533gf98p
