val_acc_ema,run_id
0.8708536441834471,62k0izfa
0.8554356653751994,1lsx8odk
0.860176939837602,sq0i2fi0
0.8934150229745219,e8nl9vtz
