val_acc_ema,run_id
0.9020314741766152,rlky16ow
0.8867422850464868,138hajp3
0.8846001674611021,zdnqrp6w
0.9051361552484762,hwydwc1g
