val_acc_ema,run_id
0.8929589153291635,4qqeqdkd
0.8917672089365701,gggatt53
0.856079986393699,9gvo6jko
0.8134848803310358,9brgnivl
