loss,ssl_loss,svm_accuracy,knn_accuracy,perplexity,val_perplexity,mean_abs_corr_off_diagonal,mean_abs_cos_sim_off_diagonal,val_loss,training_time,run_id
0.5636558532714844,,0.5606770833333333,0.5119791666666667,18.658048629760746,19.20134925842285,0.2680860757827759,0.2662888467311859,0.022050680592656136,2265.092559337616,f8x1wb2e
0.5012820959091187,,0.5486979166666667,0.48072916666666665,16.172563552856445,15.566690444946287,0.2855983078479767,0.2825329601764679,0.03090931847691536,2080.960385322571,rbkna2nd
