loss,ssl_loss,svm_accuracy,knn_accuracy,perplexity,val_perplexity,mean_abs_corr_off_diagonal,mean_abs_cos_sim_off_diagonal,val_loss,training_time,run_id
1.769633173942566,,0.5609375,0.471875,19.276805877685547,19.69145965576172,0.2762848436832428,0.27491623163223267,0.02189306542277336,2421.6775646209717,udtb242a
1.2976665496826172,,0.5583333333333333,0.47890625,15.829652786254885,15.48322296142578,0.2328743189573288,0.2275998592376709,0.0199375431984663,2571.994449853897,p0dl2uir
