loss,ssl_loss,svm_accuracy,knn_accuracy,perplexity,val_perplexity,mean_abs_corr_off_diagonal,mean_abs_cos_sim_off_diagonal,val_loss,training_time,run_id
0.3308347165584564,,0.5369791666666667,0.4622395833333333,14.170605659484863,14.20240879058838,0.2773122787475586,0.27433857321739197,0.01653369329869747,2104.268783569336,5be0wm2c
0.39085230231285095,,0.55859375,0.4796875,18.25263023376465,18.51755714416504,0.2928677201271057,0.29316842555999756,0.01272601168602705,2108.147269010544,h7et2i1l
