loss,ssl_loss,svm_accuracy,knn_accuracy,perplexity,val_perplexity,mean_abs_corr_off_diagonal,mean_abs_cos_sim_off_diagonal,val_loss,training_time,run_id
0.6741359233856201,,0.5630208333333333,0.4864583333333333,19.693695068359375,19.796031951904297,0.1962027847766876,0.19108259677886963,0.01342817209661007,2041.0658152103424,j71h6d8s
0.7456336617469788,,0.5596354166666667,0.4739583333333333,13.55550479888916,13.528799057006836,0.2119813710451126,0.2064148336648941,0.01467413268983364,1556.14013838768,smgnbwao
