loss,ssl_loss,svm_accuracy,knn_accuracy,perplexity,val_perplexity,mean_abs_corr_off_diagonal,mean_abs_cos_sim_off_diagonal,val_loss,training_time,run_id
0.018451277166604996,,0.5481770833333334,0.5002604166666667,17.916643142700195,18.040111541748047,0.21462221443653107,0.2131572812795639,0.013474111445248129,1622.3160252571106,mhzjuu3w
0.02315431274473667,,0.5432291666666667,0.50234375,14.19286060333252,14.242093086242676,0.26322510838508606,0.2578276991844177,0.015146850608289242,1506.37939620018,0ladn8c1
