loss,ssl_loss,svm_accuracy,knn_accuracy,perplexity,val_perplexity,mean_abs_corr_off_diagonal,mean_abs_cos_sim_off_diagonal,val_loss,training_time,run_id
0.053291767835617065,,0.5424479166666667,0.4981770833333333,15.455296516418455,15.617469787597656,0.26249298453330994,0.260869562625885,0.01513747964054346,2090.8797545433044,q25d6nvo
0.05304949730634689,,0.5630208333333333,0.48515625,18.66824722290039,18.6524715423584,0.2012583464384079,0.2038348913192749,0.01463344693183899,2078.922250509262,lz6o49ts
