loss,ssl_loss,svm_accuracy,knn_accuracy,perplexity,val_perplexity,mean_abs_corr_off_diagonal,mean_abs_cos_sim_off_diagonal,val_loss,training_time,run_id
0.75975501537323,,0.5463541666666667,0.5028645833333333,15.104604721069336,15.271479606628418,0.21635186672210693,0.21168872714042664,0.015275470912456512,2221.528576374054,alxkk545
0.6132926344871521,,0.5580729166666667,0.4739583333333333,19.610010147094727,19.797094345092773,0.1770872175693512,0.17624011635780334,0.013553899712860584,2327.2664341926575,gqgeeh63
