loss,ssl_loss,svm_accuracy,knn_accuracy,perplexity,val_perplexity,mean_abs_corr_off_diagonal,mean_abs_cos_sim_off_diagonal,val_loss,training_time,run_id
0.20505169034004211,,0.8921155094094744,0.936729396495782,19.699901580810547,18.392982482910156,0.4083296060562134,0.4105285406112671,0.04141240194439888,3508.645345687866,ahlp0mks
0.19439850747585297,,0.8921155094094744,0.9467878001297858,20.25168228149414,20.426416397094727,0.4044905602931976,0.4113498628139496,0.039319075644016266,4084.8221230506897,7htug7nd
