loss,ssl_loss,svm_accuracy,knn_accuracy,perplexity,val_perplexity,mean_abs_corr_off_diagonal,mean_abs_cos_sim_off_diagonal,val_loss,training_time,run_id
2.149186611175537,,0.9450032446463336,0.9604153147306944,18.475799560546875,17.827880859375,0.3383525311946869,0.3438529372215271,0.03191705793142319,3867.458197593689,1rsds9wz
2.023486375808716,,0.9479234263465284,0.9641466580142763,19.199140548706055,18.774389266967773,0.3278667628765106,0.3245392441749573,0.035574447363615036,3398.6248540878296,l5fhnlmu
1.65838360786438,,0.9490590525632706,0.9647955872809864,17.149295806884766,16.65999412536621,0.278999388217926,0.272443026304245,0.03767639771103859,3969.472678899765,h0fi275h
2.1317741870880127,,0.9540882543802726,0.9589552238805972,14.94931411743164,15.65309238433838,0.3591233491897583,0.3507261574268341,0.04732008278369904,3693.543357849121,2imp7c3t
