loss,ssl_loss,svm_accuracy,knn_accuracy,perplexity,val_perplexity,mean_abs_corr_off_diagonal,mean_abs_cos_sim_off_diagonal,val_loss,training_time,run_id
2.566037654876709,,0.9377027903958468,0.959928617780662,20.026798248291016,19.14752960205078,0.37314727902412415,0.3732444941997528,0.04454848915338516,3791.893590450287,xfpmx2tg
2.90051794052124,,0.8921155094094744,0.9430564568462038,18.179651260375977,18.480613708496097,0.41088059544563293,0.4031388461589813,0.04917572438716888,3730.642639875412,ew4xd77d
