loss,ssl_loss,svm_accuracy,knn_accuracy,perplexity,val_perplexity,mean_abs_corr_off_diagonal,mean_abs_cos_sim_off_diagonal,val_loss,training_time,run_id
0.33388757705688477,,0.8934133679428943,0.9471122647631408,19.534175872802734,19.216495513916016,0.38713955879211426,0.3854189217090606,0.05749879032373428,4660.077681303024,aw502ntm
0.3849312067031861,,0.8921155094094744,0.95360155743024,17.38361930847168,17.723907470703125,0.44408172369003296,0.4233902096748352,0.06269493699073792,4306.6350355148315,58sgp4wf
