loss,ssl_loss,svm_accuracy,knn_accuracy,perplexity,val_perplexity,mean_abs_corr_off_diagonal,mean_abs_cos_sim_off_diagonal,val_loss,training_time,run_id
1.5199496746063232,,0.8921155094094744,0.937378325762492,17.53443145751953,17.650671005249023,0.30890122056007385,0.30891090631484985,0.04472503438591957,2201.072868347168,qj32gcl7
1.3859524726867676,,0.9065541855937704,0.9347826086956522,18.806049346923828,18.363309860229492,0.2873634397983551,0.2902184724807739,0.04694270342588425,2104.9767310619354,q161vt42
1.5941416025161743,,0.8921155094094744,0.922939649578196,19.52608871459961,19.0152587890625,0.30293411016464233,0.3036291003227234,0.04298932105302811,2261.2919318675995,njb8991o
2.0596466064453125,,0.8921155094094744,0.935431537962362,16.971614837646484,16.290193557739258,0.3805834650993347,0.38744208216667175,0.04697408154606819,2182.1744277477264,5hlppwqh
