loss,ssl_loss,svm_accuracy,knn_accuracy,perplexity,val_perplexity,mean_abs_corr_off_diagonal,mean_abs_cos_sim_off_diagonal,val_loss,training_time,run_id
0.011084738187491894,,0.8921155094094744,0.9219662556781312,17.346282958984375,17.437191009521484,0.35181912779808044,0.3479772210121155,0.05309903621673584,2794.99561214447,9oc2qfah
0.007377687841653824,,0.8921155094094744,0.9258598312783908,19.106760025024418,19.16832160949707,0.3841297924518585,0.3961871266365051,0.030996307730674744,2721.426049947738,nxv2wkal
