loss,ssl_loss,svm_accuracy,knn_accuracy,perplexity,val_perplexity,mean_abs_corr_off_diagonal,mean_abs_cos_sim_off_diagonal,val_loss,training_time,run_id
1.4897198677062988,,0.8921155094094744,0.9243997404282932,17.347021102905273,17.403915405273438,0.3042975664138794,0.29534709453582764,0.05501013994216919,2416.581775665283,smmii2wr
1.828107237815857,,0.8921155094094744,0.9307268007787152,19.35134506225586,19.316795349121097,0.3479244112968445,0.35564976930618286,0.03735223785042763,2842.237564563751,rm9oeo1b
