loss,ssl_loss,svm_accuracy,knn_accuracy,perplexity,val_perplexity,mean_abs_corr_off_diagonal,mean_abs_cos_sim_off_diagonal,val_loss,training_time,run_id
1.5061352252960205,,0.8921155094094744,0.9180726800778716,17.85714340209961,17.996593475341797,0.3021616041660309,0.29611581563949585,0.04677485674619675,2446.090048551559,3end1szz
1.7437118291854858,,0.895684620376379,0.936080467229072,19.08640480041504,19.049087524414062,0.3397616744041443,0.34558552503585815,0.03527883440256119,2365.2361142635345,v4n8zndb
