loss,ssl_loss,svm_accuracy,knn_accuracy,perplexity,val_perplexity,mean_abs_corr_off_diagonal,mean_abs_cos_sim_off_diagonal,val_loss,training_time,run_id
0.010982610285282137,,0.8921155094094744,0.9198572355613238,17.16229820251465,17.231487274169922,0.3584306538105011,0.3554731011390686,0.044443197548389435,2975.904972791672,q09mjusm
0.006943228654563427,,0.8921155094094744,0.9362426995457496,18.95666885375977,18.945844650268555,0.3894481956958771,0.3962525427341461,0.03906876966357231,2483.1367707252502,w77nuwr9
