loss,ssl_loss,svm_accuracy,knn_accuracy,perplexity,val_perplexity,mean_abs_corr_off_diagonal,mean_abs_cos_sim_off_diagonal,val_loss,training_time,run_id
0.012007094919681547,,0.9070408825438028,0.936080467229072,17.872600555419922,18.011234283447266,0.3576662540435791,0.3587966561317444,0.03827434033155441,2675.091870546341,la89dfjv
0.017489081248641014,,0.895684620376379,0.9305645684620376,18.595382690429688,18.65296936035156,0.32688039541244507,0.33021578192710876,0.056427475064992905,2288.699925661087,qla1cz8c
0.010453219525516031,,0.8924399740428294,0.9291044776119404,20.33022117614746,19.67100524902344,0.35743269324302673,0.3596644103527069,0.04716656357049942,2625.421597480774,k64yejig
0.011922716163098812,,0.9007138221933809,0.9393251135626216,18.578397750854492,17.74254035949707,0.41562366485595703,0.42736780643463135,0.05012282356619835,2466.8638768196106,oej38vwg
