loss,ssl_loss,svm_accuracy,knn_accuracy,perplexity,val_perplexity,mean_abs_corr_off_diagonal,mean_abs_cos_sim_off_diagonal,val_loss,training_time,run_id
1.4718869924545288,,0.9479234263465284,0.9732316677482156,18.389698028564453,18.455860137939453,0.3055841624736786,0.3055933117866516,0.03608760982751846,3928.0849993228912,iaqvqfve
1.566500544548035,,0.9205061648280336,0.9638221933809216,18.10913848876953,18.286712646484375,0.3128989338874817,0.31147584319114685,0.0356634184718132,3410.37817645073,qf382ova
1.4942880868911743,,0.9419208306294614,0.9711226476314082,17.022233963012695,17.330791473388672,0.2991134226322174,0.2972761392593384,0.03179001435637474,3934.430716276169,zvsidg27
1.4568793773651123,,0.951168072680078,0.9677157689811812,15.417221069335938,15.284427642822266,0.29156672954559326,0.30179134011268616,0.043489959090948105,3704.199856996536,q77pl4ys
