loss,ssl_loss,svm_accuracy,knn_accuracy,perplexity,val_perplexity,mean_abs_corr_off_diagonal,mean_abs_cos_sim_off_diagonal,val_loss,training_time,run_id
0.03389916568994522,,0.896009085009734,0.9240752757949384,19.24603271484375,19.47262954711914,0.35958781838417053,0.36327892541885376,0.038670241832733154,4110.0056257247925,jke6ps7s
0.03209058567881584,,0.8995781959766386,0.9437053861129135,19.24454116821289,19.062015533447266,0.317287802696228,0.33033138513565063,0.047940921038389206,3991.614958047867,7x5ek345
