loss,ssl_loss,svm_accuracy,knn_accuracy,perplexity,val_perplexity,mean_abs_corr_off_diagonal,mean_abs_cos_sim_off_diagonal,val_loss,training_time,run_id
0.06716076284646988,,0.8921155094094744,0.9514925373134328,18.173580169677734,17.047529220581055,0.3912236392498016,0.3931810259819031,0.04075890779495239,4540.645299196243,ugicwrim
0.054602403193712234,,0.8921155094094744,0.9433809214795588,17.653322219848633,17.437849044799805,0.37689676880836487,0.38224655389785767,0.03860026225447655,4440.317103385925,fhf8mf7b
