loss,ssl_loss,svm_accuracy,knn_accuracy,perplexity,val_perplexity,mean_abs_corr_off_diagonal,mean_abs_cos_sim_off_diagonal,val_loss,training_time,run_id
1.749197006225586,,0.8963335496430889,0.9355937702790396,19.554718017578125,19.377859115600582,0.33500972390174866,0.33785825967788696,0.041667502373456955,3695.8076586723328,0hbhttaf
1.4438165426254272,,0.8927644386761843,0.9393251135626216,19.558643341064453,19.384504318237305,0.28262197971343994,0.3027859330177307,0.048829033970832825,3978.7993500232697,h0v4zm2r
