kurtosis,coverage,entropy,FID,IS_mean,prior_loss,IS_std,skewness,variety (Gini),run_id
18.51024735537308,0.4556249976158142,2.4896857738494873,12.304816929067956,4.0178961753845215,2.314168691635132,0.05253501608967781,4.287939038302041,0.6593958139419556,tvwn5poa
21.76459044433542,0.4943749904632568,2.6646621227264404,13.311784118806685,4.020163059234619,1.031324028968811,0.0839359387755394,4.664165068474375,0.5881770849227905,0n9fpqhe
24.45990823030087,0.47843751311302185,2.5534939765930176,12.576203142194814,4.118381023406982,2.278536081314087,0.09889310598373412,5.030627127201861,0.6018750071525574,7b6ln0zl
14.360234077817896,0.4768750071525574,2.630535125732422,10.501525966563996,4.119650363922119,1.953910231590271,0.1223631426692009,3.847599095014645,0.6084895730018616,b60fh6m5
