kurtosis,coverage,entropy,FID,IS_mean,prior_loss,IS_std,skewness,variety (Gini),run_id
21.87087423170231,0.49031248688697815,2.341029644012451,13.503304222329945,3.4605190753936768,0.9694740176200868,0.07818697392940521,4.706903662840001,0.6800833344459534,d4d35p4w
24.146050299678613,0.4896875023841858,2.3145713806152344,11.692511419334114,3.7088446617126465,0.7608767747879028,0.13101595640182495,4.998688478153367,0.667927086353302,zoyy47y1
