kurtosis,coverage,entropy,FID,IS_mean,prior_loss,IS_std,skewness,variety (Gini),run_id
24.85785661145345,0.48093751072883606,2.409171342849731,16.28828525459098,3.5252575874328613,2.3536086082458496,0.1014251857995987,5.083529338730235,0.643666684627533,qfst8p6c
19.831489591526612,0.5315625071525574,2.6694540977478027,9.51938912794268,4.112753868103027,0.4700453877449035,0.09752808511257172,4.404592723940102,0.6000208258628845,deefw0jj
