kurtosis,coverage,entropy,FID,IS_mean,prior_loss,IS_std,skewness,variety (Gini),run_id
26.03944686021053,0.5059375166893005,2.3372838497161865,13.51542177540231,3.5701699256896973,0.8955989480018616,0.08912239223718643,5.247821442505992,0.62890625,v6v6hb1g
23.35122565315715,0.5174999833106995,2.509908676147461,11.53455272391944,3.8236358165740967,0.16068734228610992,0.12138110399246216,4.883138706372604,0.6244479417800903,ycfyxefw
