kurtosis,coverage,entropy,FID,IS_mean,prior_loss,IS_std,skewness,variety (Gini),run_id
18.882194305616864,0.43312498927116394,2.3469765186309814,11.404272428329769,3.7380664348602295,0.15559127926826477,0.08882085978984833,4.336949495824684,0.6767500042915344,s011vb34
25.60414748247861,0.4181250035762787,1.9782735109329224,13.82504881240968,3.5325541496276855,0.01094379834830761,0.13403192162513733,5.197137679178316,0.7159374952316284,1swfshqu
