kurtosis,coverage,entropy,FID,IS_mean,prior_loss,IS_std,skewness,variety (Gini),run_id
25.72098448994,0.4284375011920929,2.1051456928253174,18.71207651104178,3.581778764724731,0.2752683460712433,0.07964178174734116,5.21184008769115,0.6730729341506958,kcdyag5m
20.03264194556002,0.4384374916553498,2.274615526199341,13.701964046611833,3.449648380279541,1.444293737411499,0.10551004111766817,4.5306393132740395,0.6714375019073486,2osx5g7p
