kurtosis,coverage,entropy,FID,IS_mean,prior_loss,IS_std,skewness,variety (Gini),run_id
25.975145642418106,0.43687498569488525,2.0758609771728516,20.159568277850077,3.5288949012756348,0.6823298931121826,0.0935921147465706,5.244896968236868,0.671583354473114,0epemqqm
19.132984520898983,0.4190624952316284,2.1196203231811523,13.657987504805028,3.502227306365967,0.009296204894781113,0.03867655619978905,4.435408968416733,0.7182291746139526,ul1a1wnw
