kurtosis,coverage,entropy,FID,IS_mean,prior_loss,IS_std,skewness,variety (Gini),run_id
25.426756896871183,0.4228124916553498,1.995006442070007,19.485049189527487,3.4381508827209473,0.4355116784572602,0.05853401497006416,5.174024777022263,0.7124999761581421,zduc4fnb
19.751815815537057,0.41999998688697815,2.0345535278320312,13.404766385987957,3.620719194412231,0.3560332655906677,0.10113997757434844,4.498565896382419,0.7442604303359985,xw4x3ory
