kurtosis,coverage,entropy,FID,IS_mean,prior_loss,IS_std,skewness,variety (Gini),run_id
25.121044302984313,0.4384374916553498,2.092686891555786,18.69471109564536,3.691694974899292,1.1244574785232544,0.06214262545108795,5.136681164572677,0.6798645853996277,w98su28p
20.964599355281027,0.4190624952316284,2.1093554496765137,13.998041807259764,3.666717529296875,0.1967817395925522,0.11838433146476746,4.640688666233814,0.7132187485694885,nbu4zttp
