kurtosis,coverage,entropy,FID,IS_mean,prior_loss,IS_std,skewness,variety (Gini),run_id
24.54046724226187,0.4571875035762787,2.178569793701172,13.551020851195185,3.791648149490357,0.6918380260467529,0.09804216772317886,5.051383077601889,0.6992083191871643,eico7as8
24.185732889879848,0.4787499904632568,2.3056135177612305,14.323593280821774,3.63463282585144,1.155042290687561,0.12599049508571625,5.005753347034387,0.6644895672798157,h08k15ui
24.58016534379317,0.4465624988079071,2.1544182300567627,12.51954505384457,3.6775131225585938,0.00903282593935728,0.09126492589712144,5.063422225024979,0.6840833425521851,tb03mnoa
20.255117913681957,0.48093751072883606,2.3737974166870117,13.431880600307192,3.962547779083252,0.9103099703788756,0.10803215205669404,4.524723163526393,0.6621458530426025,26qd5t8y
