kurtosis,coverage,entropy,FID,IS_mean,prior_loss,IS_std,skewness,variety (Gini),run_id
23.56989219893857,0.42625001072883606,2.132418155670166,16.614657245490974,3.461804151535034,0.42511212825775146,0.08643614500761032,4.931960218434332,0.7132916450500488,rffnd54s
19.145476025659036,0.45625001192092896,2.351015567779541,12.55138113806983,3.7194125652313232,1.31797456741333,0.051776863634586334,4.384070541678777,0.6577916741371155,kvnp7a2j
