kurtosis,coverage,entropy,FID,IS_mean,prior_loss,IS_std,skewness,variety (Gini),run_id
23.38150662721344,0.4131250083446502,2.098510980606079,15.762712386606507,3.481464385986328,0.0068724858574569225,0.08537767082452774,4.904814136759959,0.7319791913032532,srwwa151
18.566705813515537,0.4509375095367432,2.247572898864746,14.826201119558576,3.303478240966797,0.7302619814872742,0.13432514667510986,4.361284875871199,0.6770104169845581,41scys4b
