kurtosis,coverage,entropy,FID,IS_mean,prior_loss,IS_std,skewness,variety (Gini),run_id
21.357761595254768,0.4553124904632568,2.4420828819274902,12.755004385813669,4.239577293395996,1.053828477859497,0.09243858605623244,4.656714246423896,0.6364479064941406,sacag2fu
24.005297402336836,0.4696874916553498,2.604855537414551,11.69564809107909,4.1385064125061035,0.3668562173843384,0.078713059425354,4.9663960909169775,0.5911458134651184,4awrd0r5
22.279352173731752,0.4353125095367432,2.3662331104278564,15.53422932370671,4.195422649383545,2.2330214977264404,0.0778772234916687,4.750881415119495,0.6731770634651184,4yt4yhwq
23.90785063188382,0.4659374952316284,2.4635169506073,14.240647902912643,3.643702745437622,1.8584882020950315,0.06722964346408844,4.959829937755796,0.628166675567627,e8jzzgo2
