kurtosis,coverage,entropy,FID,IS_mean,prior_loss,IS_std,skewness,variety (Gini),run_id
21.430176584166365,0.48781248927116394,2.471484899520874,15.562023564038608,3.389075756072998,1.7756935358047483,0.12338460236787796,4.64533436250457,0.6381041407585144,7yv0yg7g
14.298328819184892,0.4559375047683716,2.4424989223480225,11.940156335608451,3.8383421897888184,0.03803398087620735,0.11834746599197388,3.7602727020185007,0.6644271016120911,fqgiyx3x
