kurtosis,coverage,entropy,FID,IS_mean,prior_loss,IS_std,skewness,variety (Gini),run_id
22.054072351867045,0.46031248569488525,2.3352646827697754,16.265648394387124,3.2515902519226074,0.106718011200428,0.09691635519266129,4.73775143549146,0.6647708415985107,yuwpnbx3
16.62049115846724,0.4884375035762787,2.5061769485473633,15.633540003418606,3.62663459777832,0.29871705174446106,0.07468267530202866,4.043636038585986,0.648687481880188,7pdl2zv2
