val_acc_ema,run_id
0.9802336855376954,8l7jny6i
0.9846767420846824,dkf66eal
0.9791546568850892,tn5cklgo
0.972829408490274,et3amsqe
