val_acc_ema,run_id
0.9626816019110525,x5gkwluz
0.9761167622570348,e96gbsyo
0.956061845029026,c3pmbobl
0.933559748948061,lvml6h22
