val_acc_ema,run_id
0.9291291320500452,i0qj41k1
0.9706748535965134,lhsmsca0
0.9564459152332718,kqa66vbj
0.8750329753426789,sr5x2g1x
