val_acc_ema,run_id
0.9777125213750638,2vdhum8a
0.9640884234041598,28mg4c6z
0.9711875255888828,26uvpder
0.985557249296452,j9a8v57c
