val_acc_ema,run_id
0.9843180163194072,uf57hwq0
0.9833186385373006,yjd9l6cd
0.9833048767391154,3l9q8q6k
0.9781626930943218,vt5vvywv
