val_acc_ema,run_id
0.9808643755604132,6yxvivp7
0.9871383058893328,o4r569y0
0.9858635662395452,87s0oeyd
0.9869707176374029,d5tdvtlk
