val_acc_ema,run_id
0.984628064946706,agqnra72
0.9611806907439524,pjb6encp
0.97947523795254,zd58pg5o
0.9796137072720008,16ye6rty
