loss,ssl_loss,svm_accuracy,knn_accuracy,perplexity,val_perplexity,mean_abs_corr_off_diagonal,mean_abs_cos_sim_off_diagonal,val_loss,training_time,run_id
0.5192199945449829,,0.6765432098765433,0.6419753086419753,26.75833320617676,23.74763298034668,0.371737003326416,0.3648327887058258,0.10464634001255035,9122.4014377594,r73ajah3
0.5250433683395386,,0.6876543209876543,0.6493827160493827,24.928197860717773,21.074609756469727,0.3768764734268189,0.37289655208587646,0.11598815023899078,5345.675226688385,nfffphdq
0.5670040845870972,,0.6938271604938272,0.6580246913580247,28.608469009399418,25.319177627563477,0.4007480144500733,0.3905039131641388,0.11290094256401062,9581.780903816223,8y1sfk83
