loss,ssl_loss,svm_accuracy,knn_accuracy,perplexity,val_perplexity,mean_abs_corr_off_diagonal,mean_abs_cos_sim_off_diagonal,val_loss,training_time,run_id
2.841797113418579,,0.7148148148148148,0.7135802469135802,27.909420013427734,24.62856674194336,0.4052203893661499,0.40150728821754456,0.13103792071342468,10501.88344168663,qv7mkkjp
2.596736192703247,,0.6271604938271605,0.5802469135802469,24.225841522216797,21.207813262939453,0.3462480902671814,0.33895525336265564,0.11458560824394226,6382.277812242508,zwelu5ew
2.517175674438477,,0.6654320987654321,0.6345679012345679,26.77009391784668,23.975893020629883,0.3714386522769928,0.36649444699287415,0.11793401837348938,10239.747011184692,j57bnuey
