loss,ssl_loss,svm_accuracy,knn_accuracy,perplexity,val_perplexity,mean_abs_corr_off_diagonal,mean_abs_cos_sim_off_diagonal,val_loss,training_time,run_id
2.4901978969573975,,0.6444444444444445,0.6074074074074074,27.942729949951172,26.3320369720459,0.39893800020217896,0.39712634682655334,0.13332092761993408,3368.980613708496,eex7o8r8
2.5667977333068848,,0.5407407407407407,0.582716049382716,23.94121551513672,23.15400123596191,0.4303082227706909,0.4196187257766723,0.15072284638881683,1888.723857879639,sxec1rau
2.0012056827545166,,0.6160493827160494,0.5691358024691358,28.771270751953125,26.985830307006836,0.3733717203140259,0.36922651529312134,0.127388596534729,3227.54678106308,3tpr3brs
