loss,ssl_loss,svm_accuracy,knn_accuracy,perplexity,val_perplexity,mean_abs_corr_off_diagonal,mean_abs_cos_sim_off_diagonal,val_loss,training_time,run_id
0.07569184899330139,,0.6407407407407407,0.6407407407407407,27.28650283813477,25.318864822387695,0.3570716381072998,0.35663387179374695,0.14404377341270447,2880.079343557358,3odv8dwa
0.09259077906608582,,0.6234567901234568,0.5604938271604938,23.4502010345459,22.680397033691406,0.3479049503803253,0.33986595273017883,0.16785885393619537,1616.8280003070831,tg8luzc3
0.07613848149776459,,0.5580246913580247,0.5777777777777777,29.569080352783203,28.050561904907227,0.4191763401031494,0.41604551672935486,0.10900889337062836,2768.2308056354523,8y4eaxzy
