loss,ssl_loss,svm_accuracy,knn_accuracy,perplexity,val_perplexity,mean_abs_corr_off_diagonal,mean_abs_cos_sim_off_diagonal,val_loss,training_time,run_id
0.0948479175567627,,0.6148148148148148,0.5975308641975309,24.997669219970703,22.709930419921875,0.28315162658691406,0.27676311135292053,0.1543056070804596,2008.1760098934176,brsjgr1e
0.08479239791631699,,0.6345679012345679,0.6061728395061728,25.317270278930664,23.346853256225582,0.3375149369239807,0.3361932635307312,0.13336867094039917,2318.8382518291473,bzbcgqt1
