loss,ssl_loss,svm_accuracy,knn_accuracy,perplexity,val_perplexity,mean_abs_corr_off_diagonal,mean_abs_cos_sim_off_diagonal,val_loss,training_time,run_id
0.16781140863895416,,0.6098765432098765,0.5839506172839506,26.87186813354492,25.72202491760254,0.31446853280067444,0.3111668825149536,0.18264570832252505,5565.850520372391,amoa3abr
0.1785477250814438,,0.6444444444444445,0.6444444444444445,23.861164093017575,21.633800506591797,0.3174498379230499,0.31833118200302124,0.1451568603515625,6148.352731466293,u0w1o72v
