loss,ssl_loss,svm_accuracy,knn_accuracy,perplexity,val_perplexity,mean_abs_corr_off_diagonal,mean_abs_cos_sim_off_diagonal,val_loss,training_time,run_id
2.813990592956543,,0.6864197530864198,0.6518518518518519,26.62154006958008,23.37700080871582,0.3983507454395294,0.3935474753379822,0.1598898619413376,10528.517379522324,gtpudvjm
1.836103916168213,,0.6567901234567901,0.6506172839506172,26.42047882080078,23.40850830078125,0.32184290885925293,0.3164862394332886,0.16396506130695343,6078.642746686935,7dggn1wf
2.5837388038635254,,0.6654320987654321,0.6493827160493827,29.560338973999023,25.79503631591797,0.3948119878768921,0.3917107582092285,0.1025749146938324,11037.289839029312,wzc2f9ia
