loss,ssl_loss,svm_accuracy,knn_accuracy,perplexity,val_perplexity,mean_abs_corr_off_diagonal,mean_abs_cos_sim_off_diagonal,val_loss,training_time,run_id
0.23826608061790464,,0.6617283950617284,0.6567901234567901,28.116287231445312,24.032283782958984,0.3831993639469147,0.37908685207366943,0.11721719056367874,9046.663229465485,l9mbi5dp
0.22969406843185425,,0.6209876543209877,0.645679012345679,27.229522705078125,23.558557510375977,0.3801073133945465,0.37459325790405273,0.17695224285125732,5274.805552959442,bmb79xqx
0.22353409230709076,,0.6185185185185185,0.6333333333333333,27.721967697143555,24.042749404907227,0.4158596992492676,0.4116978943347931,0.12163002789020538,9437.26738190651,ldakogqq
