val_acc_ema,run_id
0.8834267484184845,7560z7rk
0.8562964267401438,214ng23y
0.8877340240018753,fdrbvzkv
0.8933063083611712,9bx969bj
