val_acc_ema,run_id
0.8942725029462778,8gc3ldli
0.8881159066805816,9z6wx3q5
0.8348552147990235,d5etpavb
0.9053480698476458,atozwmay
