val_acc_ema,run_id
0.905700936959444,9fde7edb
0.9259874211533788,fwqx96sp
0.8235515744616281,idostjhc
0.7985932788138383,ici8q4r7
