val_acc_ema,run_id
0.8849915490090315,zeck5ovj
0.887762563262999,6skybhlc
0.8421744547666683,9sypt804
0.847267973293682,di2tfsze
