val_acc_ema,run_id
0.9027550575502128,hsej5qvm
0.9119276672538472,xxsaj8wf
0.9210299675876992,7phhh6ra
0.9059768376370908,uewdf1ur
