val_acc_ema,run_id
0.8716176257791244,vbkw187l
0.9249256952918936,dk69rulf
0.9029309188648916,c6i5c5tg
0.8085016121781768,no05zik9
