val_acc_ema,run_id
0.8268416595870928,tye92emv
0.908124925497066,olvy4uas
0.9302379654149248,0hjx4bau
0.902849589176466,iev5qxcq
