val_acc_ema,run_id
0.8583788337792209,3arxc0ec
0.8281832702071559,mmq0kz86
0.8460127176895688,s4liissz
0.8551424588105033,nqrtrl78
