val_acc_ema,run_id
0.8164246244284009,ew28swuv
0.788955559579878,h1v1aots
0.7531842483664778,scpafpi9
0.7941945288931178,5o1rou65
