val_acc_ema,run_id
0.7531051037224057,qjp21cm6
0.7609737778671609,8vb4pmb2
0.8086593299895395,fn31cyms
0.7554020699816361,g7s41gt1
