val_acc_ema,run_id
0.8033804028668352,lmgbcpj1
0.8046112288253221,ljzoi12p
0.842869133292006,s185dws5
0.7802112837779648,57a9gln4
