val_acc_ema,run_id
0.8438158294217335,wgg8m3uu
0.8529536529272173,gmw7ncmk
0.8381266473119184,eb8b9qxi
0.8479824354070906,e2wgpy62
