val_acc_ema,run_id
0.7975393703890813,ovb7sa39
0.8180501609097597,5fjhgv9a
0.7727986170430226,2eiae8e4
0.7347336646588297,hmlh0cqk
