val_acc_ema,run_id
0.7471980175686634,vqyeosbl
0.7487437748002921,k8qpu3lt
0.7737259088538424,vt09x0x8
0.5923215768817487,xwwrq3ee
