loss,ssl_loss,svm_accuracy,knn_accuracy,perplexity,val_perplexity,mean_abs_corr_off_diagonal,mean_abs_cos_sim_off_diagonal,val_loss,training_time,run_id
0.5120387077331543,,0.6867671691792295,0.5988274706867671,18.669145584106445,18.61331558227539,0.29360610246658325,0.3039409816265106,0.20654702186584473,3813.069249868393,nyt5gojt
0.3359779119491577,,0.7272473478503629,0.6496370742601898,20.243392944335938,20.147584915161133,0.31593090295791626,0.313253253698349,0.17817966639995575,2017.9323518276217,9m6ejs62
0.3363991379737854,,0.7060301507537688,0.5979899497487438,18.3868408203125,18.62237548828125,0.4249086081981659,0.4046220779418946,0.1447598934173584,3711.634712457657,zy43ctr0
