loss,ssl_loss,svm_accuracy,knn_accuracy,perplexity,val_perplexity,mean_abs_corr_off_diagonal,mean_abs_cos_sim_off_diagonal,val_loss,training_time,run_id
2.1481118202209473,,0.7400893355667225,0.6744835287548855,21.927087783813477,22.05466079711914,0.33348095417022705,0.3284401297569275,0.14770086109638214,4544.705686092377,y1zclz37
2.2515273094177246,,0.6594081518704634,0.5494137353433836,18.44991683959961,18.33412170410156,0.32831233739852905,0.32085084915161133,0.19372716546058655,2035.4361515045168,er228t6e
2.2872912883758545,,0.68285873813512,0.5932439977666109,21.686431884765625,21.55579948425293,0.36850184202194214,0.3536411225795746,0.185140460729599,4367.13515663147,e14qqc34
