loss,ssl_loss,svm_accuracy,knn_accuracy,perplexity,val_perplexity,mean_abs_corr_off_diagonal,mean_abs_cos_sim_off_diagonal,val_loss,training_time,run_id
0.21387390792369845,,0.4123394751535455,0.3489670575097711,22.46821975708008,22.35367774963379,0.3661889731884002,0.36225664615631104,0.2411096692085266,2053.5564029216766,e21kfti4
0.1864602267742157,,0.39475153545505304,0.3294249022892239,24.01814079284668,23.85938262939453,0.3713862895965576,0.40056514739990234,0.15650200843811035,2499.73876953125,tadlgaoq
