loss,ssl_loss,svm_accuracy,knn_accuracy,perplexity,val_perplexity,mean_abs_corr_off_diagonal,mean_abs_cos_sim_off_diagonal,val_loss,training_time,run_id
1.9203113317489624,,0.40703517587939697,0.32188721384701285,19.491619110107425,19.56021499633789,0.33188509941101074,0.3198712170124054,0.23671478033065796,2403.4340386390686,wic7kq3k
2.5743818283081055,,0.4081518704634282,0.3093243997766611,24.987749099731445,25.147899627685547,0.4020435214042664,0.4133651852607727,0.18745291233062744,2395.0293962955475,j0c3cb69
