loss,ssl_loss,svm_accuracy,knn_accuracy,perplexity,val_perplexity,mean_abs_corr_off_diagonal,mean_abs_cos_sim_off_diagonal,val_loss,training_time,run_id
0.022398442029953003,,0.3637632607481854,0.2889447236180904,26.234092712402344,25.98931884765625,0.33834215998649597,0.35453012585639954,0.1723494529724121,1718.6617951393127,kvnwjtxi
0.019349776208400726,,0.3492462311557789,0.3037409268565047,23.122976303100582,22.98453140258789,0.3638085424900055,0.4100755751132965,0.1404295563697815,2140.787482738495,31imjjfs
