loss,ssl_loss,svm_accuracy,knn_accuracy,perplexity,val_perplexity,mean_abs_corr_off_diagonal,mean_abs_cos_sim_off_diagonal,val_loss,training_time,run_id
1.519455909729004,,0.4064768285873814,0.3442211055276382,22.715864181518555,22.62445640563965,0.287826269865036,0.31017518043518066,0.17520169913768768,2084.404351711273,ezxci7g5
1.4392497539520264,,0.4045226130653266,0.32719151312116135,25.71677589416504,25.65498924255371,0.2776718735694885,0.28037935495376587,0.15895336866378784,1011.419455051422,4xbvahj1
1.3897299766540527,,0.4352317141261865,0.3651591289782245,23.87338638305664,23.3769474029541,0.26799046993255615,0.27150529623031616,0.20581699907779696,1912.0506856441496,e5kx1eha
