loss,ssl_loss,svm_accuracy,knn_accuracy,perplexity,val_perplexity,mean_abs_corr_off_diagonal,mean_abs_cos_sim_off_diagonal,val_loss,training_time,run_id
0.013520399108529093,,0.3408710217755444,0.2953657174762702,24.584426879882812,24.53121566772461,0.2878997027873993,0.3203867971897125,0.1779199242591858,1188.324206829071,lqeld8xu
0.01270940527319908,,0.3925181462869905,0.32160804020100503,24.207717895507812,24.000322341918945,0.33717435598373413,0.35739970207214355,0.15476015210151672,1414.5221548080444,79mz1iz0
