loss,ssl_loss,svm_accuracy,knn_accuracy,perplexity,val_perplexity,mean_abs_corr_off_diagonal,mean_abs_cos_sim_off_diagonal,val_loss,training_time,run_id
0.011904067359864712,,0.4112227805695142,0.3260748185371301,22.484132766723633,22.35480499267578,0.33353981375694275,0.3637425005435944,0.17031586170196533,1773.6624796390531,5d3mcslv
0.013709071092307568,,0.4011725293132328,0.3341708542713568,25.702051162719727,25.58411026000977,0.32419025897979736,0.3314901292324066,0.16063490509986875,925.8522570133208,62cx48r3
0.013558920472860336,,0.4257398101619207,0.33361250697934114,25.674951553344727,25.260835647583008,0.308089941740036,0.3319961130619049,0.1927279382944107,1610.1381635665894,0vbee1rx
