loss,ssl_loss,svm_accuracy,knn_accuracy,perplexity,val_perplexity,mean_abs_corr_off_diagonal,mean_abs_cos_sim_off_diagonal,val_loss,training_time,run_id
0.013809425756335258,,0.33528754885538803,0.26437744276940256,25.220685958862305,25.105791091918945,0.2826937437057495,0.3075973689556122,0.18692967295646667,1452.4206683635712,tws6hys1
0.01366601139307022,,0.361250697934115,0.27442769402568395,25.13081169128418,25.0095272064209,0.3067973852157593,0.32775869965553284,0.14836911857128143,1306.1163783073423,dtibu5mo
