loss,ssl_loss,svm_accuracy,knn_accuracy,perplexity,val_perplexity,mean_abs_corr_off_diagonal,mean_abs_cos_sim_off_diagonal,val_loss,training_time,run_id
1.393559813499451,,0.3595756560580681,0.2780569514237856,23.574522018432617,23.486661911010746,0.2576495110988617,0.2681010961532593,0.1887580007314682,2452.5688977241516,jey7l0yw
1.473054051399231,,0.3693467336683417,0.31211613623673923,23.91508674621582,24.10289764404297,0.2675406336784363,0.2784000337123871,0.15551553666591644,2415.9988667964935,zja0s101
