svm_accuracy,knn_accuracy,perplexity,val_perplexity,mean_abs_corr_off_diagonal,mean_abs_cos_sim_off_diagonal,val_loss,training_time,run_id
0.652428810720268,0.576214405360134,22.7939395904541,22.557870864868164,0.3331487476825714,0.3460770845413208,0.16893041133880615,3417.9765105247498,5i8i2wqq
0.6742043551088778,0.5460636515912898,21.75540351867676,21.671464920043945,0.436133474111557,0.4324548542499542,0.18436062335968015,3509.1711349487305,h7wdufxt
0.6409826912339475,0.5379676158570631,24.205425262451172,24.406999588012695,0.37990525364875793,0.364905059337616,0.17308290302753448,4445.059466123581,j8r9vqym
0.666108319374651,0.5558347292015634,20.366199493408203,20.474390029907227,0.33931198716163635,0.3598361909389496,0.18542751669883728,3057.378517150879,j9sdhlgs
