loss,ssl_loss,svm_accuracy,knn_accuracy,perplexity,val_perplexity,mean_abs_corr_off_diagonal,mean_abs_cos_sim_off_diagonal,val_loss,training_time,run_id
0.04081306234002113,,0.34701284198771637,0.2716359575656058,24.9523983001709,24.628772735595703,0.3042879104614258,0.31706860661506653,0.1622233688831329,2091.9591152668,f0827ulc
0.04029860347509384,,0.41429369067560023,0.34701284198771637,23.78801918029785,23.588268280029297,0.33447346091270447,0.3391038775444031,0.14775767922401428,2456.727401971817,dsazcxui
