loss,ssl_loss,svm_accuracy,knn_accuracy,perplexity,val_perplexity,mean_abs_corr_off_diagonal,mean_abs_cos_sim_off_diagonal,val_loss,training_time,run_id
0.07171451300382614,,0.7417643774427694,0.6133445002791736,21.443601608276367,21.764554977416992,0.3735900819301605,0.3805648982524872,0.16303646564483645,3655.362740278244,p6hefjmf
0.07467430830001831,,0.6934673366834171,0.6161362367392518,19.926816940307617,19.72491455078125,0.32305729389190674,0.3218192160129547,0.1966299414634705,2012.2279603481293,ddtgxepa
0.07408139109611511,,0.7219430485762144,0.652428810720268,18.72869873046875,18.74251937866211,0.326073557138443,0.3541046977043152,0.2094246745109558,3551.1617505550385,9rmle6kn
