loss,ssl_loss,svm_accuracy,knn_accuracy,perplexity,val_perplexity,mean_abs_corr_off_diagonal,mean_abs_cos_sim_off_diagonal,val_loss,training_time,run_id
1.683469295501709,,0.7540480178671134,0.6393076493579006,17.90637969970703,18.179399490356445,0.3091631829738617,0.3256641626358032,0.20375628769397736,4287.300363540649,ho2jg8ps
1.844101905822754,,0.7333891680625348,0.6141820212171971,20.56339454650879,20.40401268005371,0.3325510323047638,0.3306160569190979,0.17932508885860443,2066.3192002773285,km140ctk
1.35728120803833,,0.7350642099385818,0.6376326074818537,18.503374099731445,18.49957847595215,0.26777708530426025,0.28339532017707825,0.208640456199646,4219.550323486328,r94mv1hl
