loss,ssl_loss,svm_accuracy,knn_accuracy,perplexity,val_perplexity,mean_abs_corr_off_diagonal,mean_abs_cos_sim_off_diagonal,val_loss,training_time,run_id
1.3770432472229004,,0.3453378001116695,0.2741485203796762,24.69144058227539,24.56476402282715,0.2623229920864105,0.26411184668540955,0.16726303100585938,2221.2960221767426,bmdm80lo
1.7154031991958618,,0.388609715242881,0.3380792853154662,24.143686294555664,24.078292846679688,0.3116719722747803,0.3123839497566223,0.14543624222278595,2537.319922685623,9bv2q6op
