val_acc_ema,run_id
0.5724918385818869,965u2a77
0.6036172020982116,sr9e9t58
0.5727433166121998,lsgrb02a
0.6037164009398164,jtrth9mh
