val_acc_ema,run_id
0.6047605610869046,675vq8na
0.6145050654034266,7bf5zjww
0.6003312610516001,n5r8ofim
0.6094273466273369,5t9jj9aa
