val_acc_ema,run_id
0.6147735695572343,gjnjo3iz
0.5898331894765043,5my1dhoq
0.6267639211906607,v7g8kafh
0.565339231408993,8jidv030
