val_acc_ema,run_id
0.6004002562590541,o69peirn
0.6437184329118132,meqsiphc
0.5969611859981041,5eifksor
0.6137726483911057,ygimo54o
