val_acc_ema,run_id
0.5994176190039394,ugrwqfpn
0.6053472471329442,kt9adkxw
0.605583590536016,oiuqgvyt
0.6286125241985223,392jefou
