val_acc_ema,run_id
0.6072974227321295,ci4ltxl8
0.6065674631080521,gnhv1udm
0.6176282807670473,u35ys93m
0.6424825057026033,99l2t2fu
