val_acc_ema,run_id
0.6182157300965705,0uk3s9b5
0.5749056836355493,w5erpwnn
0.5917901531532138,bzhtyrp7
0.5917323693361897,12yqb5dn
