val_acc_ema,run_id
0.407677332638434,0qf6air9
0.3859177355714933,feh4vv0x
0.4775968671296125,092ama1l
0.4100171548565248,epalslgc
