val_acc_ema,run_id
0.3123084739118834,mlcrnx94
0.42041471998692936,5hh1llxv
0.305444411510978,5ktagzix
0.3397247031602199,7z08zzxk
