val_acc_ema,run_id
0.3345671967305114,9x8cqsen
0.2914497838909744,snul8scp
0.37966315891605057,xpz1zafi
0.3111685503884535,2hd53kj7
