val_acc_ema,run_id
0.4509937074137592,rx502ncv
0.31225473794714625,ybwlx0ha
0.4292195680602351,h0f29ul9
0.25054594982665906,wsrcesdu
