val_acc_ema,run_id
0.362049696891722,3zcus58w
0.4454244287119874,dcet50qy
0.3939366672253508,tkbeshwy
0.4155416476724672,uit4sswq
