val_acc_ema,run_id
0.29256936171239833,mptz4yti
0.3306781370654831,17m87y85
0.4301466265542453,apeajmi8
0.4616042803750845,ycsb473e
