val_acc_ema,run_id
0.3317414092447207,2lykgua3
0.3373571759145181,l5pkusxm
0.4259688764443516,t2m92w58
0.37147183026610625,jd799mjm
