val_acc_ema,run_id
0.949986763251982,j5l180ct
0.9613215189873692,st80rfb7
0.9465548544792116,wxrnrtfx
0.9654154108839964,hp72inpd
