val_acc_ema,run_id
0.9805642305531784,j1mzb73w
0.9265640237552648,58ybuddy
0.9399981578782648,tbna2qpw
0.9578342063741712,hshi6us8
