val_acc_ema,run_id
0.977534932271562,709oz0am
0.9684251826083816,k2st9wt4
0.9828650008767282,hhlfrr7p
0.9467649155835536,2h21f0qe
