val_acc_ema,run_id
0.943722211468672,f7qkunvn
0.8855723852001036,4gd3w6jb
0.9396893624124872,8umtkjpm
0.9477835296857632,6nklxo3p
