val_acc_ema,run_id
0.9665859342640484,ghub2wfk
0.973210251183682,0w772oqa
0.9661357654412668,okyh6h73
0.975908553925678,b23gudgs
