val_acc_ema,run_id
0.9661171492792678,k5fr8psy
0.967262645685644,hvpbtmcy
0.9461902038645073,czk69yzi
0.9762275758136976,chf9qegu
