val_acc_ema,run_id
0.957947783066666,sg7j7pb8
0.974149743642957,scjqhssk
0.9667285698244013,kltubbhl
0.9397507964965336,jg2j2d18
