val_acc_ema,run_id
0.9769211621295096,h8bfnpcs
0.9803612368172032,l3rl9tu8
0.9861786834275904,ptcqohx8
0.9635421227175668,sdbu6qu9
