val_acc_ema,run_id
0.9762896483750816,6dscqnk9
0.975429785524886,ktulrx5h
0.9751010421832628,9wpu6u9g
0.9465899276225284,rfmas133
