val_acc_ema,run_id
0.9830448260987368,znhn8pfg
0.97487358233608,r142dykx
0.9812999068140092,iu7oc9h3
0.9740294531263964,g80copvq
