val_acc_ema,run_id
0.9734137723608004,pnvojtrv
0.9791364683245548,q05excqj
0.9733192262181596,627wouu4
0.978219324974035,2rzqcuqn
