val_acc_ema,run_id
0.9727609294282964,vi1u8v8j
0.9802683103433066,nscair5n
0.984157903362535,wjrl72o5
0.9784628422710016,4sgkvqe9
