val_acc_ema,run_id
0.9734200519127468,5kuuqt79
0.9782880145520948,i1jrrkci
0.9772674490720166,z8ja6k11
0.9764378755721752,pzn2o5wy
