val_acc_ema,run_id
0.9839077619425144,i9q6iqz9
0.9847652687535814,plyyzbis
0.9860791048365188,roc9ui0a
0.9817436167998316,3gwm3rao
