val_acc_ema,run_id
0.9592248099669852,vxmtf1mr
0.9497924942536496,hgbgbl3c
0.9550582477270536,79cgztns
0.9489110258630478,rn0xg3wy
