val_acc_ema,run_id
0.9672781067809814,poucr1m3
0.9649810619072527,ml7z7vg6
0.9604326159323816,ty76oy7m
0.967216418688202,u52h4yeg
