val_acc_ema,run_id
0.9576565178446386,o1awb1bm
0.956671668969424,wbpp0e75
0.9500281018152869,bwkalyts
0.95503096822281,ngpckyic
