val_acc_ema,run_id
0.9660291532806786,3gsjbajk
0.9671187494681812,w1078ti0
0.9549821709678548,04o3tpgr
0.953448221668962,jj0tsw7c
