val_acc_ema,run_id
0.955942686548662,5ulap294
0.9506589923351642,4tg6qogv
0.9555230175249148,hoiokvmi
0.954914752555072,yiijf3cf
