val_acc_ema,run_id
0.9648788090989772,j7joy5ob
0.9587352246175016,asa3osht
0.9615346850339416,x723cr4d
0.9631642142085302,5gocs3uc
