val_acc_ema,run_id
0.9601016212795522,f2z9wvpp
0.961906870481094,y7tz5ow2
0.9657404745862904,inqr2fhn
0.9662991121625196,cqz7hc0b
