kurtosis,coverage,entropy,FID,IS_mean,prior_loss,IS_std,skewness,variety (Gini),run_id
17.825983334218535,0.6978124976158142,2.9085097312927246,7.546712394026725,2.665486097335815,0.6079592704772949,0.0742231011390686,4.102337539262586,0.5189017653465271,9ez5g3l0
0.6312440313094547,0.6412500143051147,2.9708125591278076,6.844125650063027,2.876616954803467,0.8086879849433899,0.05281085893511772,1.3448540039516963,0.5384374856948853,tsl28vjd
1.7161222600913817,0.5803124904632568,2.87325668334961,6.6994887548336886,2.7990517616271973,1.2158608436584473,0.057433195412158966,1.5807857884158734,0.5800803303718567,w03ky9tn
