kurtosis,coverage,entropy,FID,IS_mean,prior_loss,IS_std,skewness,variety (Gini),run_id
0.14247385622905062,0.7018749713897705,3.0908727645874023,6.734317255654157,2.8173153400421143,0.715408980846405,0.052563704550266266,1.1470360138686873,0.47568750381469727,y3qjejiw
17.877527678169194,0.671875,2.9055800437927246,7.47963176896609,2.6881072521209717,0.7734596133232117,0.07209102809429169,4.035112492887589,0.5202321410179138,l9lrxb2l
9.623110892189551,0.6903125047683716,3.042426586151123,6.670915176110125,2.948094367980957,0.09278202801942824,0.06458321213722229,2.7820144545975753,0.4826250076293946,ix5tg1a7
