kurtosis,coverage,entropy,FID,IS_mean,prior_loss,IS_std,skewness,variety (Gini),run_id
24.43828197552004,0.7915624976158142,3.019871234893799,8.693081980836284,2.113030195236206,1.0639283657073977,0.049897048622369766,5.0186831752129315,0.39991071820259094,k99c0dcr
11.538852685225722,0.7878124713897705,3.1740612983703613,8.097331667208763,2.3039565086364746,0.3461019992828369,0.07224977761507034,3.134363913486132,0.39676785469055176,qmngj52k
