kurtosis,coverage,entropy,FID,IS_mean,prior_loss,IS_std,skewness,variety (Gini),run_id
20.980244646523907,0.7346875071525574,2.805046558380127,9.16530757017212,1.972669243812561,0.22378258407115936,0.0650462731719017,4.62589142769157,0.48505356907844543,rad6mg2x
0.4492632008916839,0.7768750190734863,3.1814215183258057,8.700087110903493,2.1113200187683105,0.6386634111404419,0.05686638131737709,1.3987915538912363,0.4050000011920929,2y73walk
