kurtosis,coverage,entropy,FID,IS_mean,prior_loss,IS_std,skewness,variety (Gini),run_id
13.44791618453873,0.7728124856948853,3.0851354598999023,8.975038821881896,2.0198311805725098,0.8434543609619141,0.03656809404492378,3.553453117391904,0.427080363035202,9n42a2nk
7.260238608788354,0.7649999856948853,3.104640007019043,8.32396920829114,2.367387056350708,1.3219693899154663,0.04412900656461716,2.6359836108647623,0.4385982155799866,9p3nvm7o
