kurtosis,coverage,entropy,FID,IS_mean,prior_loss,IS_std,skewness,variety (Gini),run_id
5.837558215249029,0.7768750190734863,3.1145482063293457,8.310572580176903,2.193251371383667,0.3684898018836975,0.06555365771055222,2.4683632910566025,0.41920536756515503,wmvc7lmh
12.952790511337202,0.8112499713897705,3.212180852890014,8.267215216946283,2.2008020877838135,0.766299843788147,0.06999053061008453,3.3996366336802786,0.35730355978012085,rv52udnh
17.43220077175246,0.7831249833106995,3.100893020629883,8.13466268913783,2.2569732666015625,0.046044763177633286,0.04742216691374779,4.02327904663596,0.41641965508461,mrgcgm7t
