kurtosis,coverage,entropy,FID,IS_mean,prior_loss,IS_std,skewness,variety (Gini),run_id
7.630586434487219,0.7599999904632568,3.075070858001709,8.553389487144026,2.1752853393554688,1.5390790700912476,0.06176036596298218,2.7514353996368013,0.4395357072353363,oczw1vaz
7.6223266124125,0.8140624761581421,3.217247486114502,8.178906495999112,2.2126853466033936,0.11184094101190568,0.05653451383113861,2.674509500790645,0.36274999380111694,wfm6p13f
5.78398760946089,0.7946875095367432,3.2019574642181396,8.127632123835248,2.2587900161743164,0.015544451773166656,0.03566956892609596,2.2623018355793896,0.38224107027053833,xue8x3na
