kurtosis,coverage,entropy,FID,IS_mean,prior_loss,IS_std,skewness,variety (Gini),run_id
16.831663367924744,0.7971875071525574,3.1216893196105957,8.302338757829482,2.2667884826660156,0.10965968668460846,0.05859846994280815,4.006539787114107,0.3823571503162384,izl0pttj
16.25026049998372,0.7856249809265137,3.115030288696289,8.535701105346975,2.190197229385376,0.043783728033304214,0.04371808469295502,3.8738563955866065,0.4082857072353363,7umr13be
