kurtosis,coverage,entropy,FID,IS_mean,prior_loss,IS_std,skewness,variety (Gini),run_id
18.14956082771475,0.8081250190734863,3.159050464630127,8.48296959439367,2.1887924671173096,1.585741639137268,0.05430999770760536,4.131671272348267,0.3652767837047577,zllgti4i
14.723262675896253,0.7787500023841858,3.1264076232910156,8.549179630999129,2.186962842941284,0.1650276482105255,0.05973805859684944,3.64637653753584,0.41147321462631226,akugiyka
