kurtosis,coverage,entropy,FID,IS_mean,prior_loss,IS_std,skewness,variety (Gini),run_id
4.377727571743415,0.7978125214576721,3.1848599910736084,8.481968103522693,2.128406047821045,0.07715632021427155,0.03343804553151131,2.0828136220930147,0.3919196426868438,9u43sjmz
3.940827028777216,0.7437499761581421,3.093149423599243,7.962006703377221,2.3848705291748047,0.31144753098487854,0.0602923184633255,2.105380712351808,0.4566607177257538,qiwyvs7u
