kurtosis,coverage,entropy,FID,IS_mean,prior_loss,IS_std,skewness,variety (Gini),run_id
6.326413322729612,0.6656249761581421,3.0506951808929443,7.087750155807957,2.840693473815918,1.4410663843154907,0.049229945987463,2.3786849373616064,0.4797410666942597,z2tn9mw5
15.906026132009169,0.7065625190734863,3.013580560684204,7.105320394540206,2.8907055854797363,1.4502347707748413,0.04768030345439911,3.82574702525919,0.4660267829895019,j8tphg3x
22.462986862924552,0.6962500214576721,2.906679153442383,7.1634824613962955,2.844329357147217,0.7518223524093628,0.07514842599630356,4.7323313952543025,0.48993751406669617,lur737gr
