kurtosis,coverage,entropy,FID,IS_mean,prior_loss,IS_std,skewness,variety (Gini),run_id
17.665358412818076,0.8115624785423279,3.1562302112579346,8.188497879536747,2.2655446529388428,0.29067978262901306,0.08113986998796463,4.0681405818244265,0.3752857148647308,h9q04wpp
10.081663370249789,0.801562488079071,3.1576457023620605,8.001810448806966,2.260624408721924,0.866681694984436,0.03844371438026428,3.132031483136319,0.3883392810821533,dlgxalxl
