kurtosis,coverage,entropy,FID,IS_mean,prior_loss,IS_std,skewness,variety (Gini),run_id
18.228171235801717,0.6540625095367432,2.897608757019043,7.38755831124273,2.8178913593292236,0.07187089323997498,0.09038807451725006,4.119018266452411,0.5267857313156128,nmg0h9mu
18.561581434189343,0.7153124809265137,3.0218729972839355,6.879854851187872,2.937002420425415,0.7020240426063538,0.04540320485830307,4.129037322637528,0.454848200082779,saq9e78w
22.82522601572224,0.6931250095367432,2.8997175693511963,7.422521126148712,2.7975306510925293,0.22949624061584473,0.06362664699554443,4.777886610232641,0.48875892162323,zkwin3vc
