kurtosis,coverage,entropy,FID,IS_mean,prior_loss,IS_std,skewness,variety (Gini),run_id
11.744212125568223,0.6337500214576721,2.9786124229431152,1.7394220499431852,1.9056727886199951,0.18296369910240173,0.03049684688448906,3.2642561342064003,0.5049218535423279,4pz1xsfr
12.897190434773156,0.609375,2.9124279022216797,1.910239994433595,1.9274208545684817,0.6582269072532654,0.03740469366312027,3.4119641661223334,0.5357499718666077,japg2yzd
