kurtosis,coverage,entropy,FID,IS_mean,prior_loss,IS_std,skewness,variety (Gini),run_id
20.446346523571513,0.5456249713897705,2.679558277130127,2.4346799190961423,1.9897187948226929,0.15367454290390015,0.03102637268602848,4.476447965373129,0.6051406264305115,hwydlni7
1.7117461572373829,0.5762500166893005,2.908543586730957,2.1952320366796334,1.9929444789886477,0.7209757566452026,0.032303065061569214,1.7022385804375688,0.5666875243186951,57mbxkwy
8.697549306144438,0.5249999761581421,2.8010780811309814,2.4783290781295397,2.063557386398315,0.37659525871276855,0.026702407747507095,2.7882461838631434,0.6021875143051147,bf1c4gtu
8.651272784328741,0.5493749976158142,2.7628350257873535,2.80033390881314,1.9923279285430908,0.9572412967681884,0.02525218203663826,2.8624413618642333,0.6148281097412109,7mdt42d6
