kurtosis,coverage,entropy,FID,IS_mean,prior_loss,IS_std,skewness,variety (Gini),run_id
5.1954336890498976,0.6003124713897705,2.9169812202453613,1.6675665907778283,1.9325281381607056,0.03630026429891586,0.029004711657762527,2.2994705656444903,0.5562812685966492,6fmmhk9d
11.896238467887375,0.6003124713897705,2.869837522506714,1.710115237348372,1.9765777587890625,0.02495136298239231,0.0389811135828495,3.330546864998527,0.5560937523841858,0xsvkcnn
