kurtosis,coverage,entropy,FID,IS_mean,prior_loss,IS_std,skewness,variety (Gini),run_id
12.676967382249778,0.5824999809265137,2.918400764465332,2.1620847984112306,2.0028185844421387,1.0546008348464966,0.05103093385696411,3.356303376108879,0.5389218926429749,1tlt684i
1.1465387278867496,0.5396875143051147,2.792137861251831,3.040332857915762,2.024556875228882,0.4767307937145233,0.02861369587481022,1.6178493162520515,0.6126093864440918,jlmiwtn2
5.602579447448056,0.5606250166893005,2.8402910232543945,2.633333223127092,2.01735782623291,0.8274075388908386,0.02592131868004799,2.4433525225884796,0.584359347820282,uij37h21
6.9833135472545536,0.5799999833106995,2.9161581993103027,2.5046898728534117,2.0152270793914795,0.496425598859787,0.030074285343289375,2.6407196531609984,0.5447031259536743,1fu2amt7
