kurtosis,coverage,entropy,FID,IS_mean,prior_loss,IS_std,skewness,variety (Gini),run_id
14.636170520145814,0.6162499785423279,2.8883049488067627,1.8267005600595403,1.946332573890686,1.3703852891921997,0.031393785029649734,3.636447012053744,0.5463906526565552,j7gh8c7l
20.787382784264533,0.5756250023841858,2.7792441844940186,1.4662963726606275,1.9875065088272097,0.0575532391667366,0.03497009724378586,4.503062896886156,0.5666093826293945,gdtvong4
