kurtosis,coverage,entropy,FID,IS_mean,prior_loss,IS_std,skewness,variety (Gini),run_id
19.00809168865567,0.6253125071525574,2.8964316844940186,1.2242736497055002,1.983149170875549,0.7934731245040894,0.034082457423210144,4.2607745461532245,0.5222812294960022,lj7mowx7
19.404474297072372,0.5878124833106995,2.7790801525115967,1.6828730709947295,1.9628372192382812,0.030437814071774483,0.028093066066503525,4.317214423825339,0.5740312337875366,b2edvww6
