kurtosis,coverage,entropy,FID,IS_mean,prior_loss,IS_std,skewness,variety (Gini),run_id
7.667968990221876,0.5646874904632568,2.8161520957946777,1.2869183169695444,1.9738727807998655,0.8436752557754517,0.045464858412742615,2.754565270458375,0.5932187438011169,wnghivdp
13.077368379494818,0.6000000238418579,2.78098726272583,2.1551960094522538,1.865205764770508,0.12117575854063034,0.042118631303310394,3.548227026591829,0.5829843878746033,vxiaeh34
15.544570979838,0.5550000071525574,2.753272771835327,1.6228870956517858,1.9193804264068604,0.0540030300617218,0.032224539667367935,3.754523011180936,0.6076093912124634,kspcpn9g
11.018541885344517,0.567187488079071,2.7618417739868164,1.598424563967106,1.9097076654434204,0.25853589177131653,0.0311804860830307,3.152193132359451,0.6119375228881836,x2iflk44
