kurtosis,coverage,entropy,FID,IS_mean,prior_loss,IS_std,skewness,variety (Gini),run_id
11.451158431591308,0.5837500095367432,2.8088135719299316,1.198694247836015,2.0249531269073486,0.05187677592039108,0.019006581977009773,3.378060555584152,0.5749375224113464,k61b9rer
10.484809010882495,0.5996875166893005,2.866300344467163,1.9656530183519323,1.9083054065704343,0.0584712028503418,0.043593574315309525,3.0850491625073735,0.5699687600135803,97iabgay
14.785121673096905,0.5568749904632568,2.778837203979492,1.9164758086681777,1.9493786096572876,0.17512890696525574,0.02840658649802208,3.668259793505392,0.5957812666893005,msc8wuqc
10.387108685961207,0.5859375,2.815798282623291,1.9321620806798796,1.876655340194702,0.08073470741510391,0.02951562963426113,2.9842578084473765,0.5951406359672546,u27zt2by
