kurtosis,coverage,entropy,FID,IS_mean,prior_loss,IS_std,skewness,variety (Gini),run_id
15.744224242672487,0.629687488079071,2.93865704536438,1.2545197454284476,1.958750367164612,0.684685468673706,0.03231503441929817,3.8165217407465666,0.5137656331062317,dzdv0b4s
20.816714136165867,0.5640624761581421,2.683689594268799,1.4229448175120023,1.985440969467163,0.35370945930480957,0.036372750997543335,4.514908074273768,0.6049218773841858,wwnkby9s
