kurtosis,coverage,entropy,FID,IS_mean,prior_loss,IS_std,skewness,variety (Gini),run_id
14.62318589679176,0.5978124737739563,2.9223663806915283,1.433503982365368,1.9533497095108032,0.7148688435554504,0.02628752961754799,3.6364788247437247,0.532828152179718,gf6mitct
23.422804928231923,0.5462499856948853,2.5600626468658447,1.6274423891372851,1.9404388666152952,0.031254447996616364,0.04171822965145111,4.884496928700481,0.6197031140327454,81uwol4g
