kurtosis,coverage,entropy,FID,IS_mean,prior_loss,IS_std,skewness,variety (Gini),run_id
9.171205891374878,0.5184375047683716,2.7231650352478027,2.1720608763605314,2.012075901031494,0.26534169912338257,0.033749353140592575,2.947194498159604,0.630859375,d0wfl0hq
12.57537598337461,0.4996874928474426,2.597696542739868,2.3126276267142782,2.005856513977051,1.1244838237762451,0.03560095280408859,3.447530072288613,0.6630937457084656,dqst4bat
12.213973738392944,0.4962500035762787,2.5977120399475098,2.626253179407623,2.0019774436950684,0.7689856290817261,0.027209436520934105,3.4311987931263923,0.6553281545639038,k3irpngz
8.293749542845847,0.5143749713897705,2.7358901500701904,2.2809555825485006,1.975963830947876,0.5815469622612,0.022853614762425423,2.7731858822835647,0.6188125014305115,ryxgrmtl
