kurtosis,coverage,entropy,FID,IS_mean,prior_loss,IS_std,skewness,variety (Gini),run_id
8.995163303328923,0.5131250023841858,2.7084078788757324,1.9436959587752296,1.9964587688446045,0.1426202803850174,0.04192434996366501,2.938053380126034,0.636468768119812,rxys6onn
11.638829632801505,0.4934374988079071,2.6073215007781982,2.2843570948957943,1.9978504180908203,0.44972288608551025,0.03042484819889069,3.3120280346911817,0.6588125228881836,u7mn87ox
12.967194616312684,0.5081250071525574,2.645925283432007,2.511598666483474,2.0238335132598877,0.7600767612457275,0.026716625317931175,3.529105505209781,0.6310468912124634,6cdyle7l
10.247930789974363,0.4931249916553498,2.620866298675537,2.336531985008533,1.980320692062378,0.38100695610046387,0.02755693532526493,3.12102423312166,0.6516718864440918,q3w786z3
