kurtosis,coverage,entropy,FID,IS_mean,prior_loss,IS_std,skewness,variety (Gini),run_id
14.09145232929212,0.6268749833106995,2.98873233795166,1.948112414049024,1.835823655128479,0.1883750855922699,0.03262985870242119,3.5334902656588807,0.5011406540870667,pgkwh4ij
20.00869664073787,0.5799999833106995,2.7739384174346924,1.5837970864918347,2.01871395111084,0.7441936731338501,0.033263273537158966,4.397488573499315,0.5740625262260437,fwsoxuxf
