kurtosis,coverage,entropy,FID,IS_mean,prior_loss,IS_std,skewness,variety (Gini),run_id
15.042584202775068,0.5871875286102295,2.851388931274414,1.3634536300588835,1.9830631017684937,0.6963050365447998,0.03498676046729088,3.7291672929235578,0.5592031478881836,2iq9k139
22.42186369061839,0.5849999785423279,2.687311887741089,1.5260027660611022,1.966535568237305,0.30300548672676086,0.02892831340432167,4.73290936528428,0.591546893119812,3088h1rl
