val_acc_ema,run_id
0.9450654923069473,5k0trgsk
0.9038743928130956,m503l1nv
0.9108784133529606,gcbxk0w3
0.9542466688777544,2gw9ix72
