val_acc_ema,run_id
0.9665397167673744,8qpwya4t
0.8892415961355723,knok8lfo
0.9471520298125512,1s20577b
0.9170475500453532,2wikifkv
