val_acc_ema,run_id
0.9301649391561552,afar5t23
0.8822602251198278,md9a57jw
0.94487033278579,0ztm57k5
0.9634626277405784,iozopmgo
