val_acc_ema,run_id
0.9524914180990918,ym79170m
0.9579489110099988,oduyswct
0.9611690054634966,y1fzi9dz
0.9513462449740542,pzp6d7bn
