val_acc_ema,run_id
0.9764460542739688,vzx2q2u1
0.9713924104844806,jqkjbg1n
0.9814307991577744,3ze8owzx
0.9661223257562536,7yuqvion
