val_acc_ema,run_id
0.9680364064011254,p5dikprs
0.9680833487920516,siwfts8t
0.9465171732038836,z10wnnui
0.971215916809392,tn2myyhd
