val_acc_ema,run_id
0.9585900944098964,kmj6k5aj
0.9813284307140172,9w33a278
0.9684223207041324,mhy8gmih
0.9660022699784208,qefi36f4
