loss,ssl_loss,svm_accuracy,knn_accuracy,perplexity,val_perplexity,mean_abs_corr_off_diagonal,mean_abs_cos_sim_off_diagonal,val_loss,training_time,run_id
3.5553946495056152,,0.8393939393939394,0.7606060606060606,25.787303924560547,24.979995727539062,0.46374860405921936,0.4483303427696228,0.10937732458114624,8460.343752384186,z8gk05z5
3.2813143730163574,,0.7643939393939394,0.8484848484848485,24.912750244140625,24.748857498168945,0.3633075058460235,0.3552812337875366,0.12485155463218688,6422.858040809631,0i0nxr0n
2.8337411880493164,,0.8772727272727273,0.8651515151515151,24.277896881103516,23.497175216674805,0.3430674076080322,0.337188720703125,0.174015074968338,6296.444414138794,yulc8r48
