loss,ssl_loss,svm_accuracy,knn_accuracy,perplexity,val_perplexity,mean_abs_corr_off_diagonal,mean_abs_cos_sim_off_diagonal,val_loss,training_time,run_id
1.157891035079956,,0.8462121212121212,0.8242424242424242,26.616626739501953,27.489776611328125,0.47161152958869934,0.46766549348831177,0.12223348021507265,6046.326872825623,xd1k99cl
1.2070693969726562,,0.7318181818181818,0.7840909090909091,28.26670265197754,27.8268985748291,0.5037122368812561,0.4827876389026642,0.09896785020828248,9087.940034389496,ow17v31u
1.078634262084961,,0.8068181818181818,0.8303030303030303,24.526742935180664,23.98611068725586,0.3805994689464569,0.37114331126213074,0.12647445499897003,5961.940941095352,qzw9rgxt
