loss,ssl_loss,svm_accuracy,knn_accuracy,perplexity,val_perplexity,mean_abs_corr_off_diagonal,mean_abs_cos_sim_off_diagonal,val_loss,training_time,run_id
1.290152072906494,,0.7568181818181818,0.796969696969697,28.01998519897461,28.187414169311523,0.3402996361255646,0.3300621807575226,0.1408139020204544,7852.01985502243,9a449wr9
1.3179588317871094,,0.8689393939393939,0.8446969696969697,24.130388259887695,24.15209197998047,0.2788770794868469,0.2757425308227539,0.17802272737026217,7733.419394493103,079l5wsn
