loss,ssl_loss,svm_accuracy,knn_accuracy,perplexity,val_perplexity,mean_abs_corr_off_diagonal,mean_abs_cos_sim_off_diagonal,val_loss,training_time,run_id
3.1768884658813477,,0.746969696969697,0.6795454545454546,25.933809280395508,27.31415367126465,0.39461490511894226,0.38446512818336487,0.13301675021648407,7045.480267763138,ossrxy4c
2.4472968578338623,,0.7984848484848485,0.75,25.538623809814453,25.154022216796875,0.2754071056842804,0.2801733911037445,0.15686964988708496,7105.386547803879,nb35wg6g
