loss,ssl_loss,svm_accuracy,knn_accuracy,perplexity,val_perplexity,mean_abs_corr_off_diagonal,mean_abs_cos_sim_off_diagonal,val_loss,training_time,run_id
0.08419843763113022,,0.7787878787878788,0.693939393939394,25.668712615966797,25.9798583984375,0.3807305693626404,0.3721025884151459,0.1339464783668518,5267.834539651871,qwomkump
0.09630177915096284,,0.7772727272727272,0.6795454545454546,23.18854522705078,23.166976928710938,0.28822824358940125,0.2848723828792572,0.18015314638614657,5353.178535699844,re05ieq6
