loss,ssl_loss,svm_accuracy,knn_accuracy,perplexity,val_perplexity,mean_abs_corr_off_diagonal,mean_abs_cos_sim_off_diagonal,val_loss,training_time,run_id
1.997839093208313,,0.7901515151515152,0.740909090909091,25.559539794921875,25.42560386657715,0.35458844900131226,0.3399484157562256,0.130397230386734,5389.139688014984,kj4gc92m
1.654992938041687,,0.7598484848484849,0.6803030303030303,25.060380935668945,25.35743522644043,0.2887810170650482,0.2849882245063782,0.1622222661972046,5369.29998254776,em6day6t
