loss,ssl_loss,svm_accuracy,knn_accuracy,perplexity,val_perplexity,mean_abs_corr_off_diagonal,mean_abs_cos_sim_off_diagonal,val_loss,training_time,run_id
0.09919644892215727,,0.7219696969696969,0.671969696969697,24.57657241821289,24.423940658569336,0.27149340510368347,0.26179519295692444,0.19714531302452087,2689.681812763214,73e4l8ew
0.0810539573431015,,0.7659090909090909,0.6946969696969697,25.074390411376953,25.06731414794922,0.3024974763393402,0.30694806575775146,0.16376635432243347,2841.133990764618,maosxuv6
