loss,ssl_loss,svm_accuracy,knn_accuracy,perplexity,val_perplexity,mean_abs_corr_off_diagonal,mean_abs_cos_sim_off_diagonal,val_loss,training_time,run_id
1.5358809232711792,,0.7856060606060606,0.7340909090909091,21.996675491333008,21.968521118164062,0.27561378479003906,0.27417996525764465,0.26526063680648804,3601.068239212036,84l9i9r6
1.85453999042511,,0.7196969696969697,0.6954545454545454,25.531097412109375,25.900245666503903,0.3189261257648468,0.3151867687702179,0.1896117925643921,2145.3175303936005,nsv7l8k2
1.668576955795288,,0.7871212121212121,0.7242424242424242,27.47226905822754,27.132587432861328,0.29415082931518555,0.29391905665397644,0.14791059494018555,2069.071247816086,ygvxvvx9
