loss,ssl_loss,svm_accuracy,knn_accuracy,perplexity,val_perplexity,mean_abs_corr_off_diagonal,mean_abs_cos_sim_off_diagonal,val_loss,training_time,run_id
0.08397132158279419,,0.7674242424242425,0.6848484848484848,24.64088249206543,24.74942398071289,0.30673032999038696,0.3033205568790436,0.1841377317905426,2027.052502632141,85mrkly2
0.09960636496543884,,0.7696969696969697,0.7007575757575758,21.044836044311523,20.53105926513672,0.3082631528377533,0.2999480366706848,0.26238393783569336,2582.6262259483337,dhppyn5g
0.06992178410291672,,0.7772727272727272,0.7803030303030303,26.108251571655273,26.3308048248291,0.360723614692688,0.3614177703857422,0.14891791343688965,1948.2809422016144,l9f3e0b0
