loss,ssl_loss,svm_accuracy,knn_accuracy,perplexity,val_perplexity,mean_abs_corr_off_diagonal,mean_abs_cos_sim_off_diagonal,val_loss,training_time,run_id
2.662458896636963,,0.8068181818181818,0.8272727272727273,28.182384490966797,27.187475204467773,0.3862820863723755,0.3794724941253662,0.15989172458648682,9327.397759199142,65um8m71
2.8387465476989746,,0.8325757575757575,0.8181818181818182,28.411632537841797,27.41402244567871,0.40389931201934814,0.3991487324237823,0.11564105749130248,6481.779739618301,yj0ir3al
2.441737413406372,,0.8121212121212121,0.8371212121212122,28.769357681274418,28.15778350830078,0.3473631739616394,0.3455096185207367,0.13954463601112366,6394.897634267807,efnvscut
