loss,ssl_loss,svm_accuracy,knn_accuracy,perplexity,val_perplexity,mean_abs_corr_off_diagonal,mean_abs_cos_sim_off_diagonal,val_loss,training_time,run_id
0.4164627194404602,,0.8469696969696969,0.8303030303030303,27.4555721282959,26.81255149841309,0.5436025857925415,0.5384401679039001,0.10625746101140976,6203.884294271469,53z5ut95
0.44437259435653687,,0.8401515151515152,0.8363636363636363,26.144384384155273,25.06570053100586,0.44510650634765625,0.4298291504383087,0.14761745929718018,8349.161562919617,lqg7k18n
0.3975452780723572,,0.7621212121212121,0.7537878787878788,27.240158081054688,26.566320419311523,0.38305121660232544,0.3801742494106293,0.13712014257907867,6135.118405342102,6mogm8a2
