loss,ssl_loss,svm_accuracy,knn_accuracy,perplexity,val_perplexity,mean_abs_corr_off_diagonal,mean_abs_cos_sim_off_diagonal,val_loss,training_time,run_id
0.2573586702346802,,0.7242424242424242,0.7083333333333334,25.95421028137207,26.31847763061523,0.2749722898006439,0.26989641785621643,0.2003646194934845,7336.701571702957,evek64a9
0.2634021043777466,,0.7636363636363637,0.7136363636363636,23.555177688598633,24.221359252929688,0.30458036065101624,0.30313631892204285,0.1818259060382843,7426.973646879196,r48q5499
