val_acc_ema,run_id
0.8550304961136421,cr3wi4yc
0.6461999127273735,d4cx68ll
0.4795262098435149,bdgtonwt
0.5887079866566282,l1c78msu
