val_acc_ema,run_id
0.8037420923462402,8v3tukeu
0.8326663821274691,pgzqste3
0.5005174336350721,fcqley1s
0.5053610479432638,lnyy52e4
