val_acc_ema,run_id
0.6104574637178507,voj1isll
0.9015288267633916,ioouciqg
0.16209671723048094,rp4qfub4
0.5791785862250389,lt9qtec8
