val_acc_ema,run_id
0.5025875318311045,ab8d843n
0.3923149632242626,95y26d5t
0.6972409651339367,ecpovzoc
0.28989853053981557,zk1yechb
