val_acc_ema,run_id
0.8905888803322696,z01axrko
0.8411616686699869,pb4tu7w4
0.953163749850867,tac31ay1
0.9471750843139968,4ow7b9fb
