val_acc_ema,run_id
0.857601528923135,irh8ik5h
0.9171264247528134,71uthx0c
0.8105689112961445,lsd9g27f
0.7232925596636517,0mqi36v0
