val_acc_ema,run_id
0.7903605630431347,hr4dpzyy
0.9423703308117468,s84rzjuk
0.8319695781270493,sfmaw9jn
0.9377262769826252,l3n8ragv
