kurtosis,coverage,entropy,FID,IS_mean,prior_loss,IS_std,skewness,variety (Gini),run_id
-0.21682330910691583,0.546875,2.986023187637329,3.6390801918808457,2.5207905769348145,1.2655234336853027,0.060301680117845535,1.0608288093418956,0.5291093587875366,9uiw521e
-0.25537230642899855,0.5849999785423279,3.1152920722961426,2.7256645753089277,2.6775059700012207,0.407219797372818,0.044877324253320694,0.9593022387355228,0.4601718783378601,yd1ktv7a
-0.6515863806530362,0.5621874928474426,3.0047929286956787,3.768912209104756,2.492034435272217,1.9058101177215576,0.05292755365371704,0.9059460252441328,0.5233437418937683,wq52lna7
-1.297187977013249,0.5384374856948853,3.0318546295166016,2.8200208723261486,2.662105083465576,1.454023838043213,0.036904942244291306,0.6299013923989313,0.5010156035423279,9adostop
