kurtosis,coverage,entropy,FID,IS_mean,prior_loss,IS_std,skewness,variety (Gini),run_id
-1.674562112762611,0.6412500143051147,3.2416367530822754,4.956981061715192,2.271888494491577,0.3475160002708435,0.02997073158621788,0.18103428347518,0.36189061403274536,ahakqz5b
-1.0050136629420348,0.5849999785423279,3.063924789428711,4.0140999019649986,2.404453754425049,0.07709091156721115,0.06209293007850647,0.8348937280074009,0.48537498712539673,54uwxqje
