kurtosis,coverage,entropy,FID,IS_mean,prior_loss,IS_std,skewness,variety (Gini),run_id
-1.2238898020750564,0.581250011920929,3.0680153369903564,4.238275089561181,2.368401050567627,0.5038724541664124,0.054697345942258835,0.6741279959280959,0.48310938477516174,rizklvmi
0.4471533964425886,0.5809375047683716,3.027411699295044,3.696958204388033,2.46780776977539,1.2257002592086792,0.03808281198143959,1.3342756664497095,0.497984379529953,ytvrjtg3
