kurtosis,coverage,entropy,FID,IS_mean,prior_loss,IS_std,skewness,variety (Gini),run_id
-1.3369656722800347,0.6159374713897705,3.1574738025665283,4.599793366939974,2.31521987915039,0.1418205201625824,0.052519358694553375,0.4743523076716477,0.42839062213897705,vwe0b15m
-0.5727550549950373,0.6215624809265137,3.1545650959014893,4.488476533568993,2.335827350616455,0.11453123390674592,0.06511323153972626,0.9139928804334314,0.4340156316757202,hh6jggxp
