kurtosis,coverage,entropy,FID,IS_mean,prior_loss,IS_std,skewness,variety (Gini),run_id
-1.1180928695140495,0.6509374976158142,3.2330336570739746,4.995711682907427,2.266679048538208,0.309461385011673,0.04074876755475998,0.5103601954669521,0.3779687583446502,q3b2b9yq
-0.8705095171077626,0.6384375095367432,3.227344036102295,4.301758624590993,2.3462681770324707,0.09240993112325668,0.04378821328282356,0.5618316708140542,0.3834531307220459,p6dv4r31
