kurtosis,coverage,entropy,FID,IS_mean,prior_loss,IS_std,skewness,variety (Gini),run_id
-1.435399305029637,0.6396874785423279,3.2257142066955566,5.533725845468304,2.2151758670806885,1.1990525722503662,0.03208538889884949,0.2865102551791926,0.37950000166893005,qawlf3ku
-0.5380073468077367,0.6487500071525574,3.2164876461029053,5.180960918360936,2.243062973022461,0.1921842396259308,0.04046684131026268,0.7496850072982354,0.3928281366825104,qmuqw0au
