kurtosis,coverage,entropy,FID,IS_mean,prior_loss,IS_std,skewness,variety (Gini),run_id
-1.0073743540283464,0.6650000214576721,3.2676734924316406,5.902819636283237,2.1565496921539307,0.05232178419828415,0.043289560824632645,0.23975098437337505,0.34290623664855957,uhfq4dvu
-1.2884929297436605,0.6703125238418579,3.2676892280578613,4.6402304378469434,2.3204751014709473,0.446010023355484,0.0715610682964325,0.3561696559193301,0.3461875021457672,s6ct1htd
