kurtosis,coverage,entropy,FID,IS_mean,prior_loss,IS_std,skewness,variety (Gini),run_id
-1.4099104814406012,0.6353124976158142,3.2107608318328857,5.113422983850461,2.259058713912964,1.0780521631240845,0.060921259224414825,0.3662271761405033,0.39057812094688416,i0eaoame
-1.2208612857220846,0.6315624713897705,3.2125425338745117,4.152751968119667,2.386493444442749,0.4926599860191345,0.039382148534059525,0.5190484172303736,0.3950781226158142,wj1484pc
-1.0700216487080314,0.6368749737739563,3.183251142501831,3.915781608384044,2.416901111602783,0.38995417952537537,0.05476583540439606,0.5848441870081758,0.415890634059906,m71bpicx
-0.562672657137568,0.6393749713897705,3.2149410247802734,4.624743145783565,2.329084873199463,1.243054986000061,0.024949878454208377,0.6090735098175476,0.39121875166893005,7ubyn0fc
