kurtosis,coverage,entropy,FID,IS_mean,prior_loss,IS_std,skewness,variety (Gini),run_id
-0.7947413247352584,0.6087499856948853,3.1270244121551514,4.6500808171292345,2.3272719383239746,0.38888999819755554,0.06233266368508339,0.7908747091748797,0.4515312612056732,h7lzbyyv
-1.1671441730955,0.6490625143051147,3.246689796447754,3.936035508739097,2.387612581253052,0.4213659465312958,0.0452483743429184,0.49627806893403154,0.36887499690055847,vfbl09o4
-1.0946886554967603,0.6349999904632568,3.2064976692199707,3.611068091558135,2.4832546710968018,0.04383127763867378,0.045445818454027176,0.49437032987914326,0.3981874883174896,67hdlyit
-1.2764179477592803,0.614062488079071,3.1681013107299805,3.838762340341981,2.4360127449035645,0.7176178097724915,0.0504227951169014,0.4701538281233929,0.42262500524520874,ievl4m78
