kurtosis,coverage,entropy,FID,IS_mean,prior_loss,IS_std,skewness,variety (Gini),run_id
-1.2330791721759262,0.6368749737739563,3.218158721923828,4.560015259367056,2.3504204750061035,0.05085873231291771,0.06924339383840561,0.3673418314165727,0.3871718645095825,v7ogmvtt
-0.5730301108612981,0.6274999976158142,3.1729049682617188,4.265714615212492,2.3585782051086426,0.12761738896369934,0.08305004239082336,0.7755168484210925,0.42659375071525574,b8xecdml
