kurtosis,coverage,entropy,FID,IS_mean,prior_loss,IS_std,skewness,variety (Gini),run_id
0.3036622768770747,0.5446875095367432,2.9496731758117676,4.375057519759378,2.4035277366638184,0.30762943625450134,0.058731600642204285,1.3815892001101258,0.5361250042915344,sg2phys7
2.6093269726533297,0.534375011920929,2.948415517807007,3.0784489344005026,2.636786699295044,1.9821449518203735,0.03253178671002388,1.885389468535245,0.542062520980835,vtc5p98d
0.37866924031412186,0.5596874952316284,3.0248515605926514,3.679081015847182,2.5407376289367676,0.04961816221475601,0.051090192049741745,1.203869640607964,0.5097968578338623,mnybmog1
-0.2976513624574837,0.5384374856948853,2.9628617763519287,3.1873776982323165,2.6929166316986084,0.77817702293396,0.0667545422911644,1.0619943531082905,0.5426874756813049,tn11uvst
