kurtosis,coverage,entropy,FID,IS_mean,prior_loss,IS_std,skewness,variety (Gini),run_id
-1.1739990909595266,0.6028125286102295,3.146148920059204,5.165443223212169,2.249783992767334,0.09772197157144548,0.05333477258682251,0.636572525039844,0.4401249885559082,yj21zcci
-1.1953635613375415,0.6234375238418579,3.1624927520751953,4.44019813356374,2.3553013801574707,0.30814749002456665,0.06639733165502548,0.5551663178755941,0.4294843673706054,l970pnzt
