kurtosis,coverage,entropy,FID,IS_mean,prior_loss,IS_std,skewness,variety (Gini),run_id
0.3395002623094139,0.5331249833106995,2.907615900039673,4.167563369374779,2.465907335281372,0.22852084040641785,0.035590242594480515,1.3896629509494511,0.5571874976158142,xn1dl6ji
2.1329736578159153,0.5425000190734863,2.963512659072876,2.9286524033074697,2.660566806793213,1.3411489725112915,0.06631502509117126,1.7939858476653967,0.535031259059906,4jmgao9i
0.2743545838234325,0.5521875023841858,3.008474349975586,3.8738626283154303,2.546051502227783,2.205867052078247,0.05581405386328697,1.31205026940736,0.5102812647819519,iqvz7az5
0.6874796506626306,0.5478125214576721,2.9667749404907227,3.5399896393768095,2.6248326301574707,0.09525958448648451,0.04295692220330238,1.4012386911923205,0.5343906283378601,kasw5q3q
