kurtosis,coverage,entropy,FID,IS_mean,prior_loss,IS_std,skewness,variety (Gini),run_id
16.132729412314834,0.5971875190734863,2.9932732582092285,6.144942809880382,1.299953818321228,0.6295158267021179,0.03117206133902073,3.859660359934521,0.48654165863990784,6f5rz0hz
4.06953376880012,0.5365625023841858,2.8997936248779297,5.3720727006437325,1.2276835441589355,0.0276955533772707,0.01588902436196804,2.1768145439962785,0.5640416741371155,bgio8kvo
