kurtosis,coverage,entropy,FID,IS_mean,prior_loss,IS_std,skewness,variety (Gini),run_id
8.863614265374935,0.589062511920929,2.975158929824829,6.009913298486412,1.3658959865570068,0.02613820880651474,0.023206327110528942,2.913488502216268,0.5123472213745117,ep5pyyde
2.4621115146712267,0.5756250023841858,3.012162208557129,5.994327310716418,1.2692863941192627,0.09626424312591551,0.01707552932202816,1.8707892490745663,0.5074166655540466,6i6sxfug
