kurtosis,coverage,entropy,FID,IS_mean,prior_loss,IS_std,skewness,variety (Gini),run_id
5.833802187695337,0.5534374713897705,2.980025053024292,3.5080846518920605,1.3143247365951538,0.011127273552119732,0.03498029708862305,2.401818562260569,0.5211111307144165,4nzmpplp
6.067861288941655,0.543749988079071,2.947739601135254,3.4048277976551926,1.2525081634521484,0.407430112361908,0.03523627668619156,2.417098793328068,0.5418194532394409,vaxyoiz3
18.013689621386977,0.512499988079071,2.781221628189087,3.532031131995229,1.2913339138031006,0.11662306636571884,0.022651448845863342,4.117676396215492,0.5806805491447449,panshv6g
12.217979166521529,0.5190625190734863,2.748487710952759,3.3106795918094356,1.2860506772994995,0.8273784518241882,0.01850169152021408,3.432995856527395,0.6009722352027893,b0cr5dsf
