kurtosis,coverage,entropy,FID,IS_mean,prior_loss,IS_std,skewness,variety (Gini),run_id
6.762173410378498,0.5228124856948853,2.8870182037353516,3.392689624347452,1.272194743156433,0.8229385614395142,0.03541949391365051,2.673869590336421,0.5588611364364624,tn0p8fha
5.039592541116319,0.5259374976158142,2.9196832180023193,3.5087378331026384,1.2655051946640017,0.8226308822631836,0.029603183269500732,2.3717418240195713,0.5462499856948853,psf2av6u
6.843258437646552,0.4834375083446502,2.814803123474121,3.7216355817366553,1.2715752124786377,0.01275638584047556,0.02930961735546589,2.627405568029294,0.5971111059188843,t4df7xgr
11.716464578993593,0.5106250047683716,2.736114740371704,3.104262861864622,1.2908331155776978,0.09178202599287032,0.027510855346918103,3.331841767629481,0.6114027500152588,2aqasf5c
