kurtosis,coverage,entropy,FID,IS_mean,prior_loss,IS_std,skewness,variety (Gini),run_id
8.796439386985943,0.5821874737739563,3.015908479690552,7.260295794902971,1.2970073223114014,0.04602966457605362,0.0185233224183321,2.7284640351143152,0.504486083984375,1i1jkay1
15.928424318420156,0.5534374713897705,2.8545162677764893,5.229498793648869,1.192194581031799,0.02913418784737587,0.012959310784935951,3.822374318478393,0.5590277910232544,fhfpzcx2
