kurtosis,coverage,entropy,FID,IS_mean,prior_loss,IS_std,skewness,variety (Gini),run_id
4.946036367626483,0.5318750143051147,2.839085102081299,6.111454880596658,1.2881040573120115,0.21076436340808868,0.019214939326047897,2.1921947340503367,0.5951805710792542,ajg3wyig
6.9659142340062346,0.5809375047683716,2.967783689498902,5.882412688691323,1.3115214109420776,0.015650935471057892,0.028945209458470345,2.5998595507360176,0.5246527791023254,9cx2et7n
