kurtosis,coverage,entropy,FID,IS_mean,prior_loss,IS_std,skewness,variety (Gini),run_id
3.7520102199223064,0.5387499928474426,2.8895435333251953,5.395604781065576,1.2479757070541382,0.9792993068695068,0.022137485444545742,2.069867777575274,0.5730277895927429,1roqc30v
6.754603621338811,0.5646874904632568,2.9097180366516113,5.8641508481117715,1.3996098041534424,0.1544984132051468,0.022917594760656357,2.532849535058414,0.5565416812896729,qcoy8upj
1.71788736188035,0.5924999713897705,2.9960451126098633,5.044520169418105,1.2675564289093018,0.36942043900489807,0.03302520141005516,1.6482736129600846,0.5259583592414856,jumvgooy
6.772209664575405,0.5706250071525574,2.9674901962280273,7.273785826325315,1.40771222114563,1.6589246988296509,0.02751116454601288,2.395716488171949,0.5339027643203735,o8x1vmom
