kurtosis,coverage,entropy,FID,IS_mean,prior_loss,IS_std,skewness,variety (Gini),run_id
8.14505113875926,0.5759375095367432,2.948957920074463,5.709695014753248,1.2923719882965088,0.031578462570905685,0.019822925329208377,2.7386899588230045,0.5344722270965576,zqsvex8l
