kurtosis,coverage,entropy,FID,IS_mean,prior_loss,IS_std,skewness,variety (Gini),run_id
3.272317628378274,0.5303124785423279,2.847836971282959,6.204483146173048,1.3058948516845703,1.2725780010223389,0.02051122300326824,1.9213544464080483,0.5942083597183228,2bj8ieu1
8.14505113875926,0.5759375095367432,2.948957920074463,5.709695014753248,1.2923719882965088,0.031578462570905685,0.019822925329208377,2.7386899588230045,0.5344722270965576,zqsvex8l
