kurtosis,coverage,entropy,FID,IS_mean,prior_loss,IS_std,skewness,variety (Gini),run_id
5.9622997332082655,0.5484374761581421,2.8909785747528076,6.144238046442611,1.320634365081787,0.5114651322364807,0.023036465048789975,2.29495107325533,0.5720972418785095,2pj5b3zk
6.0674739781710265,0.5606250166893005,2.9423511028289795,5.590538133553365,1.3066720962524414,0.03894686326384544,0.023551439866423607,2.452154810095575,0.5412638783454895,1ekop2jn
