kurtosis,coverage,entropy,FID,IS_mean,prior_loss,IS_std,skewness,variety (Gini),run_id
4.114163879292727,0.5246875286102295,2.8734703063964844,5.82473319977273,1.2760969400405884,0.6961286067962646,0.017221057787537575,2.060811099012713,0.5830555558204651,oo77o3ww
8.041754645828304,0.5803124904632568,2.9081199169158936,4.863705296145814,1.3745776414871216,0.15518908202648163,0.02633692696690559,2.632752201760625,0.5599583387374878,gc85z4mc
1.7940624519187294,0.5718749761581421,2.944175720214844,5.305679612571405,1.254793405532837,0.3954964578151703,0.01983926258981228,1.632916200153039,0.5536944270133972,qnjz70m9
16.33557052742489,0.5462499856948853,2.7514443397521973,5.012828168776519,1.3877931833267212,0.3938431739807129,0.03675337508320808,3.856942427782227,0.6032916903495789,qn8n28x9
