kurtosis,coverage,entropy,FID,IS_mean,prior_loss,IS_std,skewness,variety (Gini),run_id
4.570369093316481,0.5190625190734863,2.8483643531799316,5.778616415735238,1.298985719680786,0.5398533940315247,0.02146056294441223,2.1654643834627723,0.5918194651603699,ycv3ljl2
6.060700594721222,0.5631250143051147,2.9384050369262695,5.5390760241762,1.2956392765045166,0.13000907003879547,0.017291728407144547,2.469537173252967,0.5411527752876282,xo0cmrlz
