kurtosis,coverage,entropy,FID,IS_mean,prior_loss,IS_std,skewness,variety (Gini),run_id
2.9098637991959766,0.5181249976158142,2.913238048553467,3.870894782879514,1.2359859943389893,1.1588259935379028,0.01709940657019615,1.8957003652932416,0.5655139088630676,kql3mdut
4.003135912481571,0.5334374904632568,2.8801634311676025,4.139380980522978,1.2975088357925415,0.02919185161590576,0.026485435664653775,1.984318216285812,0.5818055272102356,1igcw2n8
15.722201298558858,0.5290625095367432,2.8013548851013184,3.824545313581209,1.2608976364135742,0.013751516118645668,0.02908775396645069,3.828552835320191,0.5796388983726501,xqn7qvgp
15.39837135351869,0.5296875238418579,2.7585253715515137,3.152772123143758,1.2886998653411863,0.5620033144950867,0.021679922938346863,3.8379781194212543,0.585861086845398,y1wjrfa3
