kurtosis,coverage,entropy,FID,IS_mean,prior_loss,IS_std,skewness,variety (Gini),run_id
9.218704589730054,0.5971875190734863,2.9715895652770996,4.919713781826205,1.3062037229537964,1.4444355964660645,0.029341863468289375,2.9379587066398023,0.5155555605888367,gomu0mrz
