kurtosis,coverage,entropy,FID,IS_mean,prior_loss,IS_std,skewness,variety (Gini),run_id
5.036291915326403,0.5418750047683716,2.8975822925567627,3.7214740980976986,1.2543137073516846,0.42569565773010254,0.026053931564092636,2.2884350632779427,0.5672361254692078,h4d2dq66
3.272165573117058,0.543749988079071,2.9004766941070557,3.679046766439881,1.2477240562438965,0.01416246872395277,0.04109875857830048,1.8890540479784488,0.5705833435058594,j18qyzjg
15.14850613590604,0.5400000214576721,2.8248984813690186,3.8278730759284088,1.2369303703308103,0.4396139681339264,0.02582378499209881,3.71244183213158,0.5776666402816772,8yuqysa0
15.996449677554423,0.5337499976158142,2.733102798461914,3.130367056069046,1.3074040412902832,0.6255624294281006,0.019576070830225945,3.920337213687656,0.5929583311080933,5197klva
