kurtosis,coverage,entropy,FID,IS_mean,prior_loss,IS_std,skewness,variety (Gini),run_id
7.030629106438745,0.5562499761581421,2.9073269367218018,6.334988718946354,1.2924717664718628,0.1017034649848938,0.029061470180749893,2.4889718223196193,0.5630555748939514,mp8dh9q1
7.278590492602511,0.5368750095367432,2.8572916984558105,6.2420823275815325,1.300136923789978,0.028023719787597656,0.01869651116430759,2.5592814176122256,0.5839722156524658,mk5jqlzk
