kurtosis,coverage,entropy,FID,IS_mean,prior_loss,IS_std,skewness,variety (Gini),run_id
8.873132381543865,0.5699999928474426,2.908104658126831,6.473085042330214,1.271312952041626,0.6005094051361084,0.02651437744498253,2.794262960671978,0.5575833320617676,mlnuk5zw
7.847355126744455,0.5371875166893005,2.873438835144043,5.444915771243953,1.29272723197937,0.482852578163147,0.026476137340068817,2.6998627026836495,0.5726110935211182,xu09cy9k
