kurtosis,coverage,entropy,FID,IS_mean,prior_loss,IS_std,skewness,variety (Gini),run_id
8.798267053957826,0.5918750166893005,2.9641189575195312,5.751534140420194,1.3023673295974731,0.1420617401599884,0.02056002803146839,2.7656243171977484,0.5298472046852112,ro3biapq
7.433778735699876,0.5759375095367432,2.935643434524536,5.978566087715101,1.3071327209472656,0.13613803684711456,0.021020177751779556,2.690566047307542,0.5381944179534912,muoa2jrn
