loss,ssl_loss,svm_accuracy,knn_accuracy,perplexity,val_perplexity,mean_abs_corr_off_diagonal,mean_abs_cos_sim_off_diagonal,val_loss,training_time,run_id
0.26948994398117065,,0.8564837299660029,0.8584264205925206,22.319067001342773,22.730234146118164,0.49757131934165955,0.5091021060943604,0.043562933802604675,3580.5295810699463,ge9g8nc9
0.2138594835996628,,0.8983729966002914,0.8933948518698397,21.49161148071289,21.14594841003418,0.5229946374893188,0.5171220898628235,0.03834913671016693,4034.847629070282,r0s7syoe
