loss,ssl_loss,svm_accuracy,knn_accuracy,perplexity,val_perplexity,mean_abs_corr_off_diagonal,mean_abs_cos_sim_off_diagonal,val_loss,training_time,run_id
2.3538694381713867,,0.8566051481301603,0.8546624575036426,22.65016746520996,22.623170852661133,0.3412465751171112,0.3384090065956116,0.04161170870065689,4218.315201759338,s8kopqgi
2.224212884902954,,0.8873239436619719,0.8693540553666829,21.11423110961914,21.07642936706543,0.35459104180336,0.35303473472595215,0.04575283080339432,4382.613858938217,2chqvgcu
