loss,ssl_loss,svm_accuracy,knn_accuracy,perplexity,val_perplexity,mean_abs_corr_off_diagonal,mean_abs_cos_sim_off_diagonal,val_loss,training_time,run_id
3.5023651123046875,,0.853448275862069,0.8629188926663429,21.63141632080078,18.74923515319824,0.45914793014526367,0.48764529824256897,0.10483065247535706,4692.076030254364,kusoat4i
3.612668991088867,,0.9052938319572608,0.888052452646916,22.15415954589844,21.26763343811035,0.5092519521713257,0.5029768347740173,0.0564759261906147,4623.725057601929,cym1emyc
