loss,ssl_loss,svm_accuracy,knn_accuracy,perplexity,val_perplexity,mean_abs_corr_off_diagonal,mean_abs_cos_sim_off_diagonal,val_loss,training_time,run_id
0.3251986801624298,,0.9527683341427876,0.9420835356969404,18.173437118530273,18.534881591796875,0.3558421730995178,0.3578854203224182,0.054881103336811066,4438.35623383522,irkdhqhm
0.3165592551231384,,0.9397765905779504,0.9321272462360368,17.024015426635742,17.25852394104004,0.40020552277565,0.4119688272476196,0.054090917110443115,3615.559695959091,g9w9dm10
0.31754130125045776,,0.9378338999514328,0.9437833899951432,17.61638069152832,16.78611946105957,0.5597628951072693,0.55025714635849,0.042737215757369995,4048.3940827846527,16k9o1qy
0.3338312804698944,,0.9326129188926664,0.9445118989800876,19.44278335571289,18.911401748657227,0.4905557930469513,0.4892401397228241,0.0349893681704998,3879.8294241428375,fm5hnn7t
