loss,ssl_loss,svm_accuracy,knn_accuracy,perplexity,val_perplexity,mean_abs_corr_off_diagonal,mean_abs_cos_sim_off_diagonal,val_loss,training_time,run_id
0.0017727746162563562,,0.8474987858183585,0.8362068965517241,24.789794921875,24.27602767944336,0.5630725622177124,0.5557335019111633,0.027055688202381138,3516.994825363159,0pfdv3o8
0.002194121712818742,,0.8742107819329772,0.87821758135017,24.926475524902344,24.532678604125977,0.45714640617370605,0.4570763409137726,0.028523242101073265,3729.357901096344,stp362es
