loss,ssl_loss,svm_accuracy,knn_accuracy,perplexity,val_perplexity,mean_abs_corr_off_diagonal,mean_abs_cos_sim_off_diagonal,val_loss,training_time,run_id
0.0015432877698913217,,0.9089363768819816,0.893152015541525,23.456789016723633,23.23025131225586,0.4963284730911255,0.4908570647239685,0.03254375606775284,2299.8434500694275,mr1z1jem
0.0017360274214297533,,0.8867168528411851,0.8750607090820787,21.63743019104004,21.941646575927734,0.3520776033401489,0.352666974067688,0.0241452157497406,2467.516063451767,tjc0nlba
0.0031216382049024105,,0.9065080135988344,0.8977659057795047,22.950061798095703,23.14425277709961,0.43420395255088806,0.4377484917640686,0.04047974944114685,2446.5658252239227,zev4yiu3
0.002341357292607426,,0.8541767848470131,0.8368139873725109,21.246980667114254,21.330251693725582,0.3978425264358521,0.3961544930934906,0.03350934386253357,2873.777258872986,tqzrzh6o
