loss,ssl_loss,svm_accuracy,knn_accuracy,perplexity,val_perplexity,mean_abs_corr_off_diagonal,mean_abs_cos_sim_off_diagonal,val_loss,training_time,run_id
0.0018546839710325005,,0.8808887809616318,0.8289218067022827,26.66858673095703,26.35274314880371,0.5433184504508972,0.5370648503303528,0.02685096487402916,3001.156260967254,36pe3vg5
0.0020707249641418457,,0.8757892180670228,0.8736036911121904,24.98805809020996,24.305326461791992,0.4428889751434326,0.442537397146225,0.03256046399474144,3522.717337846756,qx1ou8gj
