loss,ssl_loss,svm_accuracy,knn_accuracy,perplexity,val_perplexity,mean_abs_corr_off_diagonal,mean_abs_cos_sim_off_diagonal,val_loss,training_time,run_id
2.0968289375305176,,0.9218067022826616,0.9112433220009714,22.30512428283691,21.96562957763672,0.3922052085399628,0.3883807063102722,0.030448652803897858,2512.251179933548,sevhrvcx
1.733001708984375,,0.9086935405536668,0.8840456532297232,20.5057373046875,20.96220970153809,0.3170185685157776,0.3111240565776825,0.02678406611084938,2067.8951284885406,n86gyacn
2.1002893447875977,,0.8855026711996115,0.8887809616318602,22.22159194946289,22.25493621826172,0.3681484758853912,0.37335067987442017,0.03348035737872124,2362.8723406791687,bt0t6l6n
1.6701855659484863,,0.8953375424963574,0.8671685284118504,21.74398422241211,21.944477081298828,0.3225953280925751,0.324231892824173,0.03435119241476059,2221.636237859726,gmbe9qm1
