loss,ssl_loss,svm_accuracy,knn_accuracy,perplexity,val_perplexity,mean_abs_corr_off_diagonal,mean_abs_cos_sim_off_diagonal,val_loss,training_time,run_id
2.4053690433502197,,0.8950947061680428,0.8617047110247693,23.59874153137207,23.72926139831543,0.4441347420215606,0.4379194378852844,0.02891119010746479,2904.4815044403076,e52g0g5z
1.6648399829864502,,0.8828314715881496,0.8927877610490529,24.638294219970703,24.09630012512207,0.2960306704044342,0.2920578718185425,0.03360497206449509,2932.547025680542,ecoo7wi1
