loss,ssl_loss,svm_accuracy,knn_accuracy,perplexity,val_perplexity,mean_abs_corr_off_diagonal,mean_abs_cos_sim_off_diagonal,val_loss,training_time,run_id
0.04974447563290596,,0.9362554638173872,0.9344341913550268,21.23056411743164,20.751325607299805,0.36072802543640137,0.3641137778759002,0.05290258675813675,4433.2172129154205,ez3agh3a
0.05086367577314377,,0.934191355026712,0.9159786304031085,22.144197463989254,21.746994018554688,0.3775041103363037,0.3808842599391937,0.04941549152135849,4651.736482858658,0fyv5wdy
0.04949061572551727,,0.9309130645944632,0.9265420106847984,20.87615966796875,20.26887321472168,0.476174920797348,0.4858277142047882,0.058590274304151535,4015.259142637253,2lmsqjm7
0.051043763756752014,,0.9452404079650316,0.9403836813987372,23.57581329345703,22.104887008666992,0.39366284012794495,0.40060749650001526,0.05292494595050812,4091.844300031662,5jkaezhw
