loss,ssl_loss,svm_accuracy,knn_accuracy,perplexity,val_perplexity,mean_abs_corr_off_diagonal,mean_abs_cos_sim_off_diagonal,val_loss,training_time,run_id
1.868989109992981,,0.8716610004856726,0.8778533268576979,24.721576690673828,25.08418655395508,0.3324005901813507,0.33718544244766235,0.040501922369003296,4197.620391845703,iudikdrq
4.322625160217285,,0.879917435648373,0.8827100534239922,23.946250915527344,24.04054832458496,0.6290748119354248,0.6452135443687439,0.038254961371421814,4485.429427623749,6hxff6sa
