loss,ssl_loss,svm_accuracy,knn_accuracy,perplexity,val_perplexity,mean_abs_corr_off_diagonal,mean_abs_cos_sim_off_diagonal,val_loss,training_time,run_id
0.03453840687870979,,0.9068722680913064,0.8788246721709567,24.9368953704834,25.621566772460938,0.5308312177658081,0.5435729622840881,0.041380900889635086,5350.41713809967,08aarbw7
0.03478345274925232,,0.9113647401651288,0.8977659057795047,24.047380447387695,23.867820739746097,0.6044990420341492,0.6226382255554199,0.04339848831295967,4735.364313364029,d1bdcveq
