loss,ssl_loss,svm_accuracy,knn_accuracy,perplexity,val_perplexity,mean_abs_corr_off_diagonal,mean_abs_cos_sim_off_diagonal,val_loss,training_time,run_id
2.3807384967803955,,0.90165128703254,0.8825886352598349,24.84095573425293,25.010494232177734,0.40232107043266296,0.39837217330932617,0.0391237810254097,4640.864139795303,g4r4ild3
2.17901873588562,,0.8723895094706168,0.8674113647401651,23.576152801513672,22.937255859375,0.38847675919532776,0.386273205280304,0.04130614548921585,4641.13387465477,s26s00gm
