kurtosis,coverage,entropy,FID,IS_mean,prior_loss,IS_std,skewness,variety (Gini),run_id
0.39567293884157406,0.8374999761581421,3.3276071548461914,2.5090698146658528,1.390340805053711,0.02526913583278656,0.03537525609135628,1.219238358292866,0.28704166412353516,nj4oqy1h
2.923570624768439,0.762499988079071,3.150946617126465,2.541795697022782,1.4200725555419922,1.7836546897888184,0.05222735181450844,1.9933042853649112,0.4129166603088379,ldzrh1az
