kurtosis,coverage,entropy,FID,IS_mean,prior_loss,IS_std,skewness,variety (Gini),run_id
6.956285337910289,0.8125,3.2376983165740967,2.8449586274983547,1.3578736782073977,2.1984755992889404,0.05850255489349365,2.5214678785906406,0.3527916669845581,ww07gd05
6.642659976468574,0.765625,3.1117172241210938,2.9601166293625134,1.269227385520935,1.085637450218201,0.03339465707540512,2.7001713760535626,0.4251999855041504,x45i29il
