kurtosis,coverage,entropy,FID,IS_mean,prior_loss,IS_std,skewness,variety (Gini),run_id
3.5481978344833545,0.7396875023841858,3.1638290882110596,2.119235746787165,1.3312609195709229,2.055309772491455,0.06392080336809158,1.760614087421254,0.41587498784065247,j4fxlg26
2.8124975316251772,0.7381250262260437,3.126718044281006,2.764258702553693,1.2776492834091189,2.2650976181030273,0.036561019718647,1.9068251636738345,0.4392083287239074,xkw3lfi1
4.553864091243186,0.6981250047683716,3.0437300205230713,2.639613510283005,1.4508719444274902,1.12481427192688,0.07126641273498535,2.2989573233396103,0.4778499901294708,5lowojv1
