kurtosis,coverage,entropy,FID,IS_mean,prior_loss,IS_std,skewness,variety (Gini),run_id
6.591651916279163,0.800000011920929,3.269386053085327,2.8145003739412164,1.1845619678497314,0.4707854688167572,0.04226764664053917,2.320348387071218,0.3312833309173584,o4c2y2c1
7.883058901933959,0.7325000166893005,3.085824966430664,3.3313663273039835,1.228442907333374,0.9529637694358826,0.0490574836730957,2.858556189580018,0.43033334612846375,ylu53cox
