kurtosis,coverage,entropy,FID,IS_mean,prior_loss,IS_std,skewness,variety (Gini),run_id
3.168124822034639,0.7787500023841858,3.1862447261810303,2.652884183134077,1.2583768367767334,1.3634274005889893,0.040482908487319946,1.8656661266621375,0.403466671705246,6eh2vdrm
2.3157448770543425,0.7528125047683716,3.1222925186157227,2.2229072731390684,1.4583463668823242,0.09672290086746216,0.05156528204679489,1.8397721591260163,0.4412916600704193,h37xjy7v
