kurtosis,coverage,entropy,FID,IS_mean,prior_loss,IS_std,skewness,variety (Gini),run_id
18.828835838692736,0.7393749952316284,2.9963507652282715,3.859859081615542,1.249006271362305,0.10440661013126372,0.04628950357437134,4.212522535890544,0.474575012922287,2vjhixem
6.948546721745988,0.7415624856948853,3.079526901245117,2.41535246659338,1.370098114013672,0.02610105834901333,0.03676719963550568,2.6392723556927975,0.4551083445549011,zy15b9qs
