kurtosis,coverage,entropy,FID,IS_mean,prior_loss,IS_std,skewness,variety (Gini),run_id
4.816221943846038,0.7806249856948853,3.1708173751831055,2.61755711538322,1.2868833541870115,0.14534468948841095,0.03552316874265671,2.232480560497605,0.40705832839012146,7svyoa31
2.773994489938568,0.7471874952316284,3.1433663368225098,2.638233560876306,1.3747398853302002,1.636584758758545,0.05508158728480339,1.7765413745154257,0.43764999508857727,a8go562q
