kurtosis,coverage,entropy,FID,IS_mean,prior_loss,IS_std,skewness,variety (Gini),run_id
9.591364866230444,0.7184374928474426,2.9326412677764893,7.561169772119805,1.0343573093414309,0.01947495900094509,0.02688835747539997,3.125956362237757,0.5174333453178406,lf3cewb2
10.85492923478041,0.7618749737739563,3.10809588432312,3.279118419354471,1.292876958847046,0.91964852809906,0.06015986204147339,3.1537632694897395,0.4322499930858612,kwqtffqj
3.079668561474697,0.7515624761581421,3.1258232593536377,2.5428074813308803,1.3002204895019531,0.022928273305296894,0.03615139424800873,1.909290975069464,0.4434833228588104,isubk3lr
