kurtosis,coverage,entropy,FID,IS_mean,prior_loss,IS_std,skewness,variety (Gini),run_id
6.6189830554402125,0.7315624952316284,3.0361454486846924,7.290868315156443,1.1005221605300903,0.39590388536453247,0.038490500301122665,2.6437422784114344,0.4735083281993866,5bebu341
4.3126139708174485,0.7771875262260437,3.1984903812408447,3.2975093220136342,1.2670443058013916,1.1262168884277344,0.04767289757728577,2.056978275284989,0.38534167408943176,bf0pblye
1.1419157197586527,0.78125,3.226752281188965,2.3938831458537506,1.3027663230895996,0.5495882630348206,0.057048868387937546,1.3846609528697915,0.3834249973297119,06expgkt
