kurtosis,coverage,entropy,FID,IS_mean,prior_loss,IS_std,skewness,variety (Gini),run_id
2.4568597393169913,0.7481250166893005,3.312856674194336,3.53040187502918,1.2993559837341309,2.408292531967163,0.06418409943580627,1.6294673261499029,0.30195000767707825,t7591r65
-0.5250174711450417,0.7231249809265137,3.2577579021453857,1.9759184238147316,1.5004642009735107,1.9114192724227903,0.054483018815517426,0.8276892370889481,0.36340001225471497,ecgv6zxt
-0.18883579761506075,0.7456250190734863,3.2900562286376953,2.5792664632460127,1.4031133651733398,2.3933281898498535,0.07446354627609253,0.9819492222011458,0.3327416777610779,gdupthkk
