kurtosis,coverage,entropy,FID,IS_mean,prior_loss,IS_std,skewness,variety (Gini),run_id
-0.7890409659181756,0.7056249976158142,3.214172124862671,3.2412412385354465,1.417096734046936,1.9868141412734983,0.05369291082024574,0.8197008046690148,0.3955416679382324,zfsspmbz
-0.8079859582467894,0.6981250047683716,3.297663688659668,1.4929222209401327,1.49073588848114,1.4611366987228394,0.06709731370210648,0.37954796381568423,0.3201749920845032,apt68svd
1.7409702940339598,0.7124999761581421,3.214820623397827,2.793783987116203,1.3178534507751465,0.8272171020507812,0.04324169456958771,1.3925920136376713,0.3816666603088379,76tu3zy7
