kurtosis,coverage,entropy,FID,IS_mean,prior_loss,IS_std,skewness,variety (Gini),run_id
3.4831358649954707,0.8131250143051147,3.2376797199249268,2.8645860527111298,1.3434408903121948,0.4319726228713989,0.04830848053097725,2.07610239696338,0.34944167733192444,j6u6tupz
5.279222616734964,0.7584375143051147,3.126561164855957,3.1621177053698752,1.2307573556900024,0.11858029663562776,0.0448816791176796,2.444254015361189,0.41862499713897705,xvkzekvs
