kurtosis,coverage,entropy,FID,IS_mean,prior_loss,IS_std,skewness,variety (Gini),run_id
4.73453162606241,0.7653124928474426,3.1389167308807373,3.2890982545288225,1.3244047164916992,0.66018146276474,0.03689693659543991,2.14451040266143,0.4304249882698059,5cjo94nv
6.311410510412138,0.7475000023841858,3.0771734714508057,4.129770353294133,1.1651709079742432,0.022498806938529015,0.033160626888275146,2.5294776089062845,0.4566166698932648,adirag0l
