loss,ssl_loss,svm_accuracy,knn_accuracy,perplexity,val_perplexity,mean_abs_corr_off_diagonal,mean_abs_cos_sim_off_diagonal,val_loss,training_time,run_id
0.30782225728034973,,0.8437777777777777,0.8817777777777778,14.226759910583496,11.962308883666992,0.3241649270057678,0.32287633419036865,0.08588440716266632,3253.2838101387024,77v1pr94
0.3780995011329651,,0.8744444444444445,0.8706666666666667,18.608070373535156,16.110219955444336,0.32819852232933044,0.3246656060218811,0.056182313710451126,2896.418367624283,0r51e0mr
0.3518947660923004,,0.8757777777777778,0.9017777777777778,16.11707305908203,13.700984001159668,0.2974192798137665,0.2992938458919525,0.07509398460388184,3165.6821327209473,aworj7tg
0.31788086891174316,,0.8295555555555556,0.8566666666666667,15.146392822265623,14.890297889709473,0.30403730273246765,0.3025464117527008,0.09006035327911377,3091.218180656433,y1lhssas
