loss,ssl_loss,svm_accuracy,knn_accuracy,perplexity,val_perplexity,mean_abs_corr_off_diagonal,mean_abs_cos_sim_off_diagonal,val_loss,training_time,run_id
2.013033866882324,,0.7382222222222222,0.7833333333333333,19.76654052734375,17.143756866455078,0.3288704454898834,0.3270914554595947,0.0494527742266655,1486.7448613643646,vdezew3v
2.457812547683716,,0.8122222222222222,0.8457777777777777,16.904239654541016,15.263187408447266,0.4032999873161316,0.40952304005622864,0.056805320084095,1523.7677404880524,gc2xfach
