loss,ssl_loss,svm_accuracy,knn_accuracy,perplexity,val_perplexity,mean_abs_corr_off_diagonal,mean_abs_cos_sim_off_diagonal,val_loss,training_time,run_id
2.1471943855285645,,0.8548888888888889,0.8522222222222222,17.544580459594727,14.547184944152832,0.3368816673755646,0.3350295424461365,0.08087451756000519,3046.7524473667145,hmi93zdb
1.487913966178894,,0.8522222222222222,0.882,16.2945556640625,13.726523399353027,0.2578241229057312,0.2568356990814209,0.08742725104093552,3160.891069412231,wknb456k
1.9306519031524656,,0.8326666666666667,0.8368888888888889,17.10772132873535,15.099373817443848,0.3180476129055023,0.314191609621048,0.08288741111755371,3446.114947080612,p7r1y3ms
1.9578628540039065,,0.9022222222222224,0.8371111111111111,18.249671936035156,15.730385780334473,0.31416797637939453,0.3066682517528534,0.057172514498233795,3369.811000108719,0okphu3g
