loss,ssl_loss,svm_accuracy,knn_accuracy,perplexity,val_perplexity,mean_abs_corr_off_diagonal,mean_abs_cos_sim_off_diagonal,val_loss,training_time,run_id
0.23539979755878448,,0.762,0.72,19.46393585205078,17.07132911682129,0.3624069094657898,0.3629734516143799,0.045767247676849365,1428.952261209488,ieulpv45
0.2156352549791336,,0.8073333333333333,0.8304444444444444,17.169374465942383,16.202003479003906,0.3652880787849426,0.3566550016403198,0.057432614266872406,1454.5697209835052,530eqhhi
