loss,ssl_loss,svm_accuracy,knn_accuracy,perplexity,val_perplexity,mean_abs_corr_off_diagonal,mean_abs_cos_sim_off_diagonal,val_loss,training_time,run_id
2.633700370788574,,0.6366666666666667,0.7228888888888889,16.784582138061523,15.216115951538086,0.4303636848926544,0.42803823947906494,0.051407914608716965,1380.4530322551727,fd6kjb91
1.4183151721954346,,0.7653333333333333,0.6935555555555556,16.631935119628906,15.900829315185549,0.26599636673927307,0.2684487998485565,0.04452744498848915,1357.3408091068268,5hn0glr4
