loss,ssl_loss,svm_accuracy,knn_accuracy,perplexity,val_perplexity,mean_abs_corr_off_diagonal,mean_abs_cos_sim_off_diagonal,val_loss,training_time,run_id
0.020469043403863907,,0.7404444444444445,0.744,15.566927909851074,13.65566349029541,0.395377904176712,0.3966299891471863,0.05523333698511124,972.3895576000214,znvk7ys6
0.020387571305036545,,0.7302222222222222,0.784,15.843878746032717,13.334839820861816,0.35324859619140625,0.35938718914985657,0.05690113455057144,978.316021680832,zbg7hpzt
