loss,ssl_loss,svm_accuracy,knn_accuracy,perplexity,val_perplexity,mean_abs_corr_off_diagonal,mean_abs_cos_sim_off_diagonal,val_loss,training_time,run_id
1.6370035409927368,,0.8333333333333334,0.8211111111111111,15.716919898986816,12.810185432434082,0.3371601104736328,0.3389340043067932,0.05818496644496918,2368.7227079868317,xx1nqosr
1.809154748916626,,0.7613333333333333,0.7511111111111111,15.572080612182615,13.054776191711426,0.32283997535705566,0.32522138953208923,0.04656270891427994,2190.590019226074,czdip950
1.4113157987594604,,0.8717777777777778,0.8197777777777778,15.337162017822266,14.013408660888672,0.2863140404224396,0.2865634858608246,0.05446848273277283,2337.793803215027,6vkq011f
1.3535891771316528,,0.8211111111111111,0.8197777777777778,15.35595703125,12.660652160644531,0.2950764000415802,0.2879122793674469,0.06342580914497375,2289.7397298812866,rvvaesh6
