loss,ssl_loss,svm_accuracy,knn_accuracy,perplexity,val_perplexity,mean_abs_corr_off_diagonal,mean_abs_cos_sim_off_diagonal,val_loss,training_time,run_id
1.928600788116455,,0.7273333333333334,0.7422222222222222,16.853214263916016,15.306289672851562,0.3641521632671356,0.3646459877490998,0.04772070795297623,1077.1488363742828,1cxy0pwb
1.771574854850769,,0.7206666666666667,0.7133333333333334,13.399938583374023,11.092366218566896,0.3432027995586395,0.34360331296920776,0.051669083535671234,1099.4348521232605,7iduuob0
