loss,ssl_loss,svm_accuracy,knn_accuracy,perplexity,val_perplexity,mean_abs_corr_off_diagonal,mean_abs_cos_sim_off_diagonal,val_loss,training_time,run_id
0.023806799203157425,,0.8553333333333333,0.8371111111111111,15.502009391784668,12.222867012023926,0.41083747148513794,0.4202313721179962,0.05954965949058533,2198.298602104187,03lz6657
0.020387783646583557,,0.8211111111111111,0.7613333333333333,16.691051483154297,14.085698127746582,0.4248756766319275,0.43477821350097656,0.04891481623053551,2018.193791389465,lpt4uvuz
0.02271103486418724,,0.8068888888888889,0.7531111111111111,15.647428512573242,13.864453315734863,0.3127599358558655,0.311868280172348,0.043524447828531265,2165.2038490772247,66lkhkgc
0.024249201640486717,,0.8275555555555556,0.814,16.128597259521484,13.411055564880373,0.3122638761997223,0.3078863024711609,0.05611828714609146,2129.756430864334,70sbvuo7
