loss,ssl_loss,svm_accuracy,knn_accuracy,perplexity,val_perplexity,mean_abs_corr_off_diagonal,mean_abs_cos_sim_off_diagonal,val_loss,training_time,run_id
1.7654308080673218,,0.8031111111111111,0.8782222222222222,14.708948135375977,12.576783180236816,0.33123382925987244,0.3409934937953949,0.0775841698050499,3495.6564564704895,55i4h7cx
1.5072603225708008,,0.8613333333333333,0.884,13.9340238571167,12.630300521850586,0.31338948011398315,0.310687392950058,0.0671302005648613,3088.343678712845,rwijtybo
1.4550254344940186,,0.8462222222222222,0.8715555555555555,13.224224090576172,11.835600852966309,0.30198583006858826,0.3047133982181549,0.09293003380298616,3388.019337415695,h6wfpoon
1.6336511373519895,,0.8504444444444444,0.8431111111111111,14.792311668395996,13.465204238891602,0.30971211194992065,0.30709418654441833,0.07050516456365585,3370.54417347908,22v1ii8r
