loss,ssl_loss,svm_accuracy,knn_accuracy,perplexity,val_perplexity,mean_abs_corr_off_diagonal,mean_abs_cos_sim_off_diagonal,val_loss,training_time,run_id
1.869284510612488,,0.8011111111111111,0.7831111111111111,17.107017517089844,14.744058609008787,0.3347044587135315,0.3290002644062042,0.06656699627637863,1498.2501862049105,h9psxuu2
2.5843796730041504,,0.7506666666666667,0.7902222222222223,15.334814071655272,13.59764289855957,0.41279786825180054,0.4295106530189514,0.07096269726753235,1503.3290746212006,aqia1iup
