loss,ssl_loss,svm_accuracy,knn_accuracy,perplexity,val_perplexity,mean_abs_corr_off_diagonal,mean_abs_cos_sim_off_diagonal,val_loss,training_time,run_id
0.06644255667924881,,0.8188888888888889,0.8766666666666667,14.757627487182615,12.520336151123049,0.39305201172828674,0.4157531261444092,0.06834132224321365,3232.0788311958313,g01ooi3d
0.06156402081251144,,0.8584444444444445,0.8571111111111112,13.628622055053713,12.340208053588867,0.31752097606658936,0.3153308033943176,0.06980511546134949,2870.4720656871796,up9mskhq
0.0642334446310997,,0.846,0.854,13.507205963134766,12.111753463745115,0.32790541648864746,0.3274720013141632,0.09376038610935213,3142.9864025115967,e55oqo5j
0.05868091434240341,,0.8437777777777777,0.8504444444444444,13.333123207092283,11.76818561553955,0.30444931983947754,0.29871806502342224,0.08213826268911362,3069.4367525577545,b7vvnehh
