loss,ssl_loss,svm_accuracy,knn_accuracy,perplexity,val_perplexity,mean_abs_corr_off_diagonal,mean_abs_cos_sim_off_diagonal,val_loss,training_time,run_id
0.0710679143667221,,0.7777777777777778,0.8011111111111111,16.342863082885742,14.66346836090088,0.3376214802265167,0.33480995893478394,0.07089634984731674,1432.1852781772614,k5dz9jjx
0.0681806206703186,,0.7157777777777777,0.7815555555555556,16.106287002563477,14.443819999694824,0.411028265953064,0.43357282876968384,0.06714478135108948,1471.8926486968994,vj3qx5yx
