val_acc_ema,run_id
0.7431019839043871,275j920q
0.724177244657712,4qeu8mip
0.7499647161851716,wa7mer9i
0.7462967097877314,2du48f2f
