val_acc_ema,run_id
0.7657150627603879,55crymhe
0.7735621483828341,mud4cjkf
0.7260681631060577,i6rvjz2t
0.7606174955909744,y9sder8y
