val_acc_ema,run_id
0.7777720760970368,mtf2nsg6
0.741362611199057,bu2bcsn4
0.7135330853590897,l9l60gei
0.7593573576761483,onu8yfvc
