val_acc_ema,run_id
0.7601462841843896,ut664kll
0.7150190558399832,g2ew62ss
0.700124179097305,ayhzosyo
0.7257794278640385,hllbcg4k
