val_acc_ema,run_id
0.7467103425734148,5b488hyl
0.750613754849225,cejxnys3
0.7471079653746571,0lx2qc1f
0.7549557546818069,lz5b83yt
