val_acc_ema,run_id
0.728614222759107,ifhvr9i1
0.7744790414752569,pawkayvl
0.7213819730234577,5olke8wa
0.727859848050965,8kt0s2ga
