loss,ssl_loss,svm_accuracy,knn_accuracy,perplexity,val_perplexity,mean_abs_corr_off_diagonal,mean_abs_cos_sim_off_diagonal,val_loss,training_time,run_id
0.27425482869148254,,0.4822980158215536,0.37647516534820386,19.62788200378418,9.973755836486816,0.38668617606163025,0.3684839904308319,0.0691254511475563,11138.710205554962,ijadooy6
0.2838999032974243,,0.4370379976656724,0.3657113214887822,16.71099281311035,8.286913871765137,0.34373486042022705,0.3300071954727173,0.06916522979736328,8708.043592691422,hkdqrh5l
0.29935401678085327,,0.4118791337050966,0.33769939048113085,16.363237380981445,7.8953857421875,0.36299219727516174,0.34549301862716675,0.06719475984573364,11094.090888500214,4s87i42l
0.2736518383026123,,0.48904162884191416,0.37284398910647126,16.254465103149414,8.965558052062988,0.33747026324272156,0.32717907428741455,0.07104954123497009,10787.13021326065,nf5l89bo
