loss,ssl_loss,svm_accuracy,knn_accuracy,perplexity,val_perplexity,mean_abs_corr_off_diagonal,mean_abs_cos_sim_off_diagonal,val_loss,training_time,run_id
2.0647032260894775,,0.4139540915575152,0.3568927506160031,17.283384323120117,7.353152751922607,0.3634202182292938,0.35517746210098267,0.03886495530605316,11561.157684326172,bh2voc12
1.995918035507202,,0.42147581377253274,0.3356244326287122,16.588838577270508,6.955175399780273,0.3597456216812134,0.34895193576812744,0.04056734964251518,11689.316665172577,f1npq8g1
