loss,ssl_loss,svm_accuracy,knn_accuracy,perplexity,val_perplexity,mean_abs_corr_off_diagonal,mean_abs_cos_sim_off_diagonal,val_loss,training_time,run_id
0.2431214153766632,,0.39125924004668655,0.3593567630657502,17.978471755981445,7.764787673950195,0.391413927078247,0.3841022253036499,0.03896734490990639,10276.406463384628,oteb9k0i
0.2425786554813385,,0.37932823239527946,0.308520295681494,16.594593048095703,6.93070650100708,0.41214558482170105,0.4049193263053894,0.04641786590218544,10399.309109449388,mcoao4b1
