loss,ssl_loss,svm_accuracy,knn_accuracy,perplexity,val_perplexity,mean_abs_corr_off_diagonal,mean_abs_cos_sim_off_diagonal,val_loss,training_time,run_id
1.3988507986068726,,0.4133056672286344,0.3339385293736221,15.486235618591309,6.16749382019043,0.3071812689304352,0.29126861691474915,0.0481346994638443,9890.703933000565,ge9up7sh
1.529005527496338,,0.4230320321618467,0.35780054467643624,13.114197731018066,5.330226421356201,0.32372891902923584,0.3132486641407013,0.04901818186044693,9726.654666900637,fpsrrh7k
