loss,ssl_loss,svm_accuracy,knn_accuracy,perplexity,val_perplexity,mean_abs_corr_off_diagonal,mean_abs_cos_sim_off_diagonal,val_loss,training_time,run_id
0.02714570239186287,,0.42329140189339903,0.3309557774607703,15.159818649291992,7.183534145355225,0.3212524354457855,0.31409427523612976,0.040192972868680954,2683.743736743927,6ttmj0k8
0.03072626329958439,,0.4252366748800415,0.3557255868240176,13.613611221313477,5.6611528396606445,0.44740840792655945,0.4323799312114715,0.032973580062389374,3232.49188041687,18hvj37k
0.03209002688527107,,0.42549604461159385,0.3404227726624303,15.083751678466797,5.177395343780518,0.2925541400909424,0.28256914019584656,0.039571695029735565,3250.7278604507446,g0t834u9
0.029171910136938095,,0.4313318635715212,0.35805991440798857,16.390472412109375,7.027419090270996,0.39986860752105713,0.3841883242130279,0.041945502161979675,3115.926229953766,lkhk8msy
