loss,ssl_loss,svm_accuracy,knn_accuracy,perplexity,val_perplexity,mean_abs_corr_off_diagonal,mean_abs_cos_sim_off_diagonal,val_loss,training_time,run_id
0.024686545133590695,,0.4313318635715212,0.3412008818570873,14.76861572265625,5.132320880889893,0.4407324492931366,0.42202943563461304,0.02897503599524498,3758.347467184067,gi54qw0h
0.02676958031952381,,0.3950201011541953,0.3440539489041629,13.503477096557615,6.083982467651367,0.3521040678024292,0.342905730009079,0.04276237264275551,3793.968255996704,ykd6s0b9
