loss,ssl_loss,svm_accuracy,knn_accuracy,perplexity,val_perplexity,mean_abs_corr_off_diagonal,mean_abs_cos_sim_off_diagonal,val_loss,training_time,run_id
2.1236581802368164,,0.4212164440409804,0.31643107249383995,14.546595573425291,5.991447448730469,0.419068843126297,0.3917872607707978,0.04613424092531204,3793.3051841259,zt4iuuiv
1.8526300191879272,,0.40708079367137856,0.32330437037997667,15.690587997436523,7.5142693519592285,0.35243213176727295,0.33869853615760803,0.04334245249629021,3041.273872613907,ve0nnvcw
1.5269412994384766,,0.3651925820256776,0.3195435092724679,16.531187057495117,5.95448112487793,0.3216440975666046,0.3099786043167114,0.0385536327958107,3655.881858110428,kvpds8r7
1.807879090309143,,0.4267928932693555,0.37012060692517185,17.663166046142578,8.043190002441406,0.3675193786621094,0.3558702766895294,0.040310997515916824,3530.130036354065,2zin7wf3
