loss,ssl_loss,svm_accuracy,knn_accuracy,perplexity,val_perplexity,mean_abs_corr_off_diagonal,mean_abs_cos_sim_off_diagonal,val_loss,training_time,run_id
2.3976900577545166,,0.42821942679289327,0.32369342497730513,14.53250503540039,4.940116882324219,0.4365540146827698,0.4182667136192322,0.031091999262571335,4140.940010309219,hlqimj6g
1.7387834787368774,,0.40487615095318374,0.3430164699779536,13.976459503173828,6.211254596710205,0.35232463479042053,0.33813753724098206,0.03714095801115036,4327.715398788452,sg6hmtip
