loss,ssl_loss,svm_accuracy,knn_accuracy,perplexity,val_perplexity,mean_abs_corr_off_diagonal,mean_abs_cos_sim_off_diagonal,val_loss,training_time,run_id
1.7255442142486572,,0.37284398910647126,0.3177279211516016,17.82600212097168,7.022176742553711,0.3391818702220917,0.32214784622192383,0.06881512701511383,12832.793668270113,1aw9oavl
1.6361831426620483,,0.4257554143431462,0.32589806769549995,16.587453842163086,6.365006923675537,0.33144378662109375,0.31351229548454285,0.10201407968997955,9657.21656870842,hho2xx0u
2.1295461654663086,,0.3279730255479186,0.31292958111788355,15.135311126708984,6.331728458404541,0.3980748951435089,0.38837721943855286,0.07953247427940369,12862.54363632202,9nx7c5jb
1.4182475805282593,,0.4274413175982363,0.331474516923875,15.030595779418944,6.6846208572387695,0.28177517652511597,0.2771437168121338,0.08468776941299438,12363.840903282166,g047ukmw
