loss,ssl_loss,svm_accuracy,knn_accuracy,perplexity,val_perplexity,mean_abs_corr_off_diagonal,mean_abs_cos_sim_off_diagonal,val_loss,training_time,run_id
0.10532108694314957,,0.4221242381014136,0.32836208014524704,17.32280158996582,6.537300109863281,0.3593902587890625,0.34941667318344116,0.09659257531166077,9117.397902965546,opbah2n0
0.10377196967601776,,0.3467773310854623,0.3216184671248865,18.899871826171875,7.293776512145996,0.3654533922672272,0.33990681171417236,0.07002567499876022,11436.195424079897,f6ahw8j3
0.12569445371627808,,0.3605239268577357,0.3095577746077033,16.199337005615234,6.702324390411377,0.38185009360313416,0.3770154416561126,0.07861104607582092,11412.463314533234,gijbwwx3
0.1101473793387413,,0.39955907145636105,0.3214887822591104,15.865882873535156,7.302036285400391,0.31175512075424194,0.3073037564754486,0.09209096431732178,11170.669907093048,zfec2at6
