loss,ssl_loss,svm_accuracy,knn_accuracy,perplexity,val_perplexity,mean_abs_corr_off_diagonal,mean_abs_cos_sim_off_diagonal,val_loss,training_time,run_id
1.4536314010620115,,0.402671508234989,0.3734924134353521,14.572296142578123,5.955264568328857,0.29567012190818787,0.2858625650405884,0.06206876412034035,9197.763734579086,e53r936h
2.0736002922058105,,0.40967449098690184,0.34340552457528206,16.118356704711914,6.940557956695557,0.3925239741802216,0.3804157376289368,0.044839512556791306,11408.32763338089,q5xykm50
