loss,ssl_loss,svm_accuracy,knn_accuracy,perplexity,val_perplexity,mean_abs_corr_off_diagonal,mean_abs_cos_sim_off_diagonal,val_loss,training_time,run_id
0.05916447937488556,,0.39878096226170406,0.3777720140059655,14.588099479675291,6.313332557678223,0.3008735179901123,0.29305651783943176,0.051602933555841446,8779.670649766922,98s3ga0o
0.0509980171918869,,0.4138244066917391,0.35533653222668915,16.31816291809082,6.349068641662598,0.37932920455932617,0.36548587679862976,0.036063678562641144,10590.537873744965,o08kz4wp
