kurtosis,coverage,entropy,FID,IS_mean,prior_loss,IS_std,skewness,variety (Gini),run_id
2.260298120295759,0.484375,2.833956003189087,1.1317516634860052,2.384232997894287,1.7190046310424805,0.02467638999223709,1.84660152546336,0.5966249704360962,jfwluyhs
0.7883566208648709,0.4300000071525574,2.798530101776123,1.0054980416064352,2.274467706680298,0.916471302509308,0.04608168080449104,1.5175467647070802,0.6099843978881836,g5fjggzv
5.413101052605246,0.5296875238418579,2.978621482849121,0.9474094436252184,2.441673755645752,1.167833685874939,0.02863115444779396,2.4472597607761832,0.5153281092643738,j5jisp43
1.59999104975219,0.46875,2.854887008666992,0.769634466180929,2.408313751220703,0.15729333460330963,0.022968033328652385,1.7324637374064444,0.5830468535423279,1ad5kr5l
