kurtosis,coverage,entropy,FID,IS_mean,prior_loss,IS_std,skewness,variety (Gini),run_id
1.399361514712803,0.5674999952316284,2.991295576095581,1.019125378693527,2.013989210128784,0.15561793744564056,0.03481779992580414,1.697889053348416,0.5137031078338623,rykvbixd
0.09560772608322354,0.5962499976158142,3.1257758140563965,1.0458592717060171,2.027499198913574,0.41288408637046814,0.04345857724547386,1.1066215925366962,0.4565468728542328,sf00qxcz
