kurtosis,coverage,entropy,FID,IS_mean,prior_loss,IS_std,skewness,variety (Gini),run_id
0.4469305917306916,0.6193749904632568,3.125910520553589,0.9655605871613672,2.0930581092834473,0.9868637323379515,0.027265476062893867,1.2800513027378038,0.45176562666893005,avs8hfoh
-0.1365250397370219,0.5918750166893005,3.0587680339813232,1.1197075486241754,2.0171170234680176,1.2485355138778689,0.044207554310560226,1.121571002971003,0.49418750405311584,eg2kvxh0
