kurtosis,coverage,entropy,FID,IS_mean,prior_loss,IS_std,skewness,variety (Gini),run_id
-0.3523585630299517,0.606249988079071,3.1164422035217285,1.0111598301307931,2.046172857284546,0.3358832001686096,0.036994051188230515,1.0557060847640014,0.4567500054836273,ow7xwacx
2.258011313718181,0.5868750214576721,3.050673723220825,0.6354967150776935,2.2008743286132812,1.5082788467407229,0.03710085526108742,1.6886566837224812,0.496031254529953,2gmegtp6
