kurtosis,coverage,entropy,FID,IS_mean,prior_loss,IS_std,skewness,variety (Gini),run_id
0.024884229352807985,0.6168749928474426,3.1602511405944824,0.7794379044339816,1.9700567722320557,0.04098298028111458,0.02739160694181919,1.1040901268837524,0.4299687445163727,v5eswfws
1.4453438048521887,0.6015625,3.074131965637207,0.9308147509071628,1.950602889060974,1.300676941871643,0.033783920109272,1.4627416098150912,0.4843437373638153,c2arb3fj
3.4937407542860113,0.6237499713897705,3.179814338684082,1.1030171086846725,1.9566333293914795,0.3555493950843811,0.04209480807185173,1.8837717948672184,0.41075000166893005,fun03frc
2.992367624543628,0.604687511920929,3.0672733783721924,1.1701043346414943,1.866999268531799,0.5169000625610352,0.03763933852314949,1.8905013548088363,0.4828437566757202,5o96i1km
