kurtosis,coverage,entropy,FID,IS_mean,prior_loss,IS_std,skewness,variety (Gini),run_id
0.4709887725286768,0.6715624928474426,3.2798867225646973,1.0028402432693468,1.9557311534881592,0.9270676970481871,0.04014929011464119,0.9791393014590885,0.3354843854904175,wy6qg7wn
8.275646435442825,0.6759374737739563,3.2613847255706787,0.7066265785535217,2.01198673248291,1.128473162651062,0.02592867612838745,2.480624668068633,0.3284375071525574,s8gh050c
