kurtosis,coverage,entropy,FID,IS_mean,prior_loss,IS_std,skewness,variety (Gini),run_id
0.584743487108216,0.6653125286102295,3.239821434020996,1.4138844756068387,1.8754358291625977,0.04118344560265541,0.03761124238371849,1.042057953542856,0.36592188477516174,wtcaslbl
6.032977455374038,0.6628124713897705,3.2523579597473145,0.7917154896799394,1.9925369024276731,0.2285100668668747,0.02311648800969124,2.071873641169495,0.3405156135559082,35vlwrlq
