kurtosis,coverage,entropy,FID,IS_mean,prior_loss,IS_std,skewness,variety (Gini),run_id
0.4574591013808127,0.6178125143051147,3.1374120712280273,0.9905978080602008,1.9253852367401123,0.039665646851062775,0.028242887929081917,1.2404463917060973,0.4472968876361847,g85fn88d
1.6009688577942764,0.5846874713897705,3.0356056690216064,0.802761827438865,2.053684711456299,0.7350434064865112,0.026446150615811348,1.5594123182454311,0.5063124895095825,iyj9xrnf
1.9193384225142232,0.6175000071525574,3.1466102600097656,1.3405097070732257,1.8982622623443604,0.8323708772659302,0.035163190215826035,1.5977160707657794,0.4365312457084656,71ul0wum
3.885117786281386,0.6096875071525574,3.105037212371826,1.2303015737103344,1.9109824895858765,0.6271758079528809,0.029442979022860527,2.0613707905560883,0.4563593864440918,a6o0174e
