kurtosis,coverage,entropy,FID,IS_mean,prior_loss,IS_std,skewness,variety (Gini),run_id
3.3483182078469493,0.640625,3.1807756423950195,0.5682778347673878,2.026679754257202,0.07045964896678925,0.03474714607000351,1.9467302098181132,0.3941250145435333,x4kdx808
7.444788255302276,0.6581249833106995,3.242621898651123,0.694892028620385,2.0430445671081543,0.4809314012527466,0.02423935756087303,2.4515478966146635,0.3409062623977661,wfi05x6f
