kurtosis,coverage,entropy,FID,IS_mean,prior_loss,IS_std,skewness,variety (Gini),run_id
-0.08183669599927557,0.5009375214576721,3.0441389083862305,1.179391193355026,2.248054027557373,0.40181127190589905,0.04987730085849762,1.0477685141289803,0.5000781416893005,mc0p6lcw
-0.0827563880713873,0.543749988079071,3.085527181625366,1.0291633534952205,2.2755661010742188,0.10157904028892516,0.03853076696395874,1.0648132427770494,0.48189061880111694,42bpprah
3.958247492190057,0.4881249964237213,3.0144569873809814,1.3355076119636915,2.300018072128296,0.1927909106016159,0.04047812148928642,1.8857404727214229,0.5162500143051147,kurqhhd1
1.5176648239263155,0.5090625286102295,3.133674383163452,0.7438677359382605,2.348618984222412,0.3429494798183441,0.027915596961975098,1.5133964717128108,0.4440781176090241,yx7g7lw6
