kurtosis,coverage,entropy,FID,IS_mean,prior_loss,IS_std,skewness,variety (Gini),run_id
1.8309989579224872,0.6731250286102295,3.252021074295044,1.0289017862311132,1.9528392553329468,0.9064671993255616,0.0390450619161129,1.5846702683566862,0.35850000381469727,mk9lj2me
4.652754397961853,0.6540625095367432,3.1959500312805176,0.8448288783031737,1.9946467876434328,0.7280212640762329,0.05087028071284294,2.3011705420866178,0.3811718821525574,2u7o38c3
