kurtosis,coverage,entropy,FID,IS_mean,prior_loss,IS_std,skewness,variety (Gini),run_id
0.046915414788277765,0.6600000262260437,3.2219064235687256,0.8546807326418988,1.897311449050903,0.3180375099182129,0.034160517156124115,0.968226675531402,0.3859218657016754,4n2mz80i
5.8767528609563975,0.6721875071525574,3.2353053092956543,0.9389981069400676,1.9334144592285156,1.0939351320266724,0.03568147122859955,2.4213563846174493,0.3519843816757202,ykvkdau2
