kurtosis,coverage,entropy,FID,IS_mean,prior_loss,IS_std,skewness,variety (Gini),run_id
3.2154895590997574,0.6618750095367432,3.242389440536499,0.9167876278234628,1.988508224487305,0.2202734351158142,0.03117019310593605,1.6657044921991435,0.36537501215934753,badcj7yt
3.257552057927688,0.6462500095367432,3.199594020843506,0.8132596329677765,2.0178050994873047,1.4309695959091189,0.029514599591493607,1.8799232480043135,0.39601561427116394,xabfcth5
