val_acc_ema,run_id
0.4416862501875397,vtn24ff3
0.2799582702274405,gz2jxsa9
0.21547322065271435,3jt0qzzx
0.2625328659503366,lmaw29pm
