val_acc_ema,run_id
0.28822287273938835,39sjy7zp
0.46825556174830785,871f9w21
0.2932128885630298,9wldhdl3
0.41645469825227494,bz43kw3c
