val_acc_ema,run_id
0.2956146196108808,fo891ljb
0.34798247933803667,0echvkyj
0.24093537149493943,yn64owk9
0.36681322922457305,w6rrmn0f
