val_acc_ema,run_id
0.31493452736407007,a1bnvwes
0.3498597416081607,yq8vsuv0
0.30126246559192876,fwzmji22
0.36470080293938495,z5tulle8
