val_acc_ema,run_id
0.45726200164019154,6d06dk1q
0.3261240468295673,ayozcl99
0.4680901279949228,o54n6rx1
0.35429958143400453,ujbcz5pj
