val_acc_ema,run_id
0.3688223127671412,o1okj2ao
0.37543014778148087,jom6eqls
0.3756667126825971,78dipe6q
0.31817168125933065,mijkd2yi
