val_acc_ema,run_id
0.4106029945957482,yoem8f6y
0.3649426999799716,608l8oqk
0.3608700504895026,ara4vr45
0.39525279380506295,ibuj86jr
