kurtosis,coverage,entropy,FID,IS_mean,prior_loss,IS_std,skewness,variety (Gini),run_id
11.247005809520251,0.7384374737739563,2.9714884757995605,2.2569916696558736,1.528331995010376,0.14381282031536102,0.018564555794000626,3.151935279991964,0.5102249979972839,wik26ovd
7.1492961059025575,0.7137500047683716,2.8512141704559326,2.4143833163853823,1.494467854499817,0.4312450587749481,0.041135549545288086,2.7683437801102313,0.553612470626831,b98vccmy
