kurtosis,coverage,entropy,FID,IS_mean,prior_loss,IS_std,skewness,variety (Gini),run_id
13.25316180007989,0.7587500214576721,3.0074667930603027,2.284829858000408,1.5651185512542725,0.046853505074977875,0.026524070650339127,3.4453823882670864,0.4811624884605408,7qy8supu
20.560671517277484,0.7643749713897705,2.7969510555267334,2.28021897544547,1.5274158716201782,0.3343801498413086,0.03212299197912216,4.488703371136875,0.5346124768257141,d238lzny
