kurtosis,coverage,entropy,FID,IS_mean,prior_loss,IS_std,skewness,variety (Gini),run_id
16.386083320935647,0.7121875286102295,2.7170467376708984,2.3047475310069303,1.5706433057785034,0.0881073847413063,0.02571299858391285,4.076511703366396,0.562375009059906,w52xqx7z
