kurtosis,coverage,entropy,FID,IS_mean,prior_loss,IS_std,skewness,variety (Gini),run_id
8.209592133078322,0.7115625143051147,2.9056668281555176,2.493454886467691,1.457536697387695,0.06380631774663925,0.04220539703965187,2.79640271628538,0.5446749925613403,mwokridt
15.878919771982623,0.6837499737739563,2.6586155891418457,2.367523305483671,1.5342590808868408,0.16426341235637665,0.030513551086187363,4.007214280888449,0.5934749841690063,6wwkv50y
