kurtosis,coverage,entropy,FID,IS_mean,prior_loss,IS_std,skewness,variety (Gini),run_id
6.5584969849070855,0.7121875286102295,2.8724756240844727,2.411232190748025,1.4351015090942385,0.08114151656627655,0.02615421451628208,2.5774560806559905,0.5596500039100647,tg7y8p4d
17.80179698279762,0.6656249761581421,2.584954261779785,2.4978522477635514,1.4931962490081787,0.008573182858526707,0.03524870052933693,4.218769261374788,0.6185250282287598,vq5nwp44
