kurtosis,coverage,entropy,FID,IS_mean,prior_loss,IS_std,skewness,variety (Gini),run_id
7.045573674801934,0.7462499737739563,3.0010499954223633,2.247022636032671,1.505539059638977,0.3559204041957855,0.02992210164666176,2.572401717145634,0.4997999966144562,tt82wbci
18.003668898830643,0.699999988079071,2.6314778327941895,2.3312711255744203,1.4754292964935305,0.010263506323099136,0.042896732687950134,4.249437635008307,0.596387505531311,tm1bolk9
