kurtosis,coverage,entropy,FID,IS_mean,prior_loss,IS_std,skewness,variety (Gini),run_id
10.229303180480764,0.7671874761581421,2.9914841651916504,2.1489518044533487,1.6032555103302002,0.012820623815059662,0.03691833093762398,3.0409017326093593,0.49031248688697815,a2ns9sdg
17.54629296025068,0.707812488079071,2.8052258491516113,2.4553467090638876,1.4512064456939695,0.01126796379685402,0.024540144950151443,4.079485768589072,0.5620750188827515,ljvcq3ig
