kurtosis,coverage,entropy,FID,IS_mean,prior_loss,IS_std,skewness,variety (Gini),run_id
8.583930805937886,0.7393749952316284,2.9209535121917725,2.2013256261405196,1.5886564254760742,0.3669964075088501,0.031122997403144836,2.96955345172182,0.5247125029563904,82e6xj6k
18.481190302848333,0.7381250262260437,2.748948335647583,2.272449075894196,1.49044930934906,0.3589804172515869,0.021478163078427315,4.223912302850859,0.5624750256538391,u92r9a0d
