kurtosis,coverage,entropy,FID,IS_mean,prior_loss,IS_std,skewness,variety (Gini),run_id
19.138544306742254,0.6974999904632568,2.741492509841919,2.2395212860403184,1.514195680618286,0.5295330286026001,0.047761041671037674,4.2893999645508805,0.5744875073432922,1z9ighu7
