kurtosis,coverage,entropy,FID,IS_mean,prior_loss,IS_std,skewness,variety (Gini),run_id
11.132921258644249,0.7553125023841858,2.951317310333252,2.360255571125009,1.5154622793197632,0.2580864131450653,0.04953669011592865,3.250893687628099,0.5019375085830688,0hl7jcpa
18.253400345989903,0.7124999761581421,2.823192358016968,2.188716570651075,1.4713720083236694,0.09545498341321944,0.028792457655072212,4.156005482467607,0.5549874901771545,vcnx7g0t
