loss,ssl_loss,svm_accuracy,knn_accuracy,perplexity,val_perplexity,mean_abs_corr_off_diagonal,mean_abs_cos_sim_off_diagonal,val_loss,training_time,run_id
3.324416160583496,,0.355,0.27,21.381319046020508,21.382400512695312,0.48380011320114136,0.4781746864318848,0.070719875395298,2277.5393517017365,94zyepys
