loss,ssl_loss,svm_accuracy,knn_accuracy,perplexity,val_perplexity,mean_abs_corr_off_diagonal,mean_abs_cos_sim_off_diagonal,val_loss,training_time,run_id
2.127950668334961,,0.5983333333333334,0.56,22.417755126953125,21.832794189453125,0.3362301290035248,0.3525487184524536,0.05064380541443825,3081.3152389526367,tczk3ctp
2.663325786590576,,0.575,0.5133333333333333,23.073686599731445,22.911130905151367,0.4076552093029022,0.4134179353713989,0.06048159673810005,2151.295065879822,q59vog8p
2.494570732116699,,0.5283333333333333,0.48333333333333334,20.33456039428711,20.54213523864746,0.3704567551612854,0.3714335262775421,0.068976029753685,2801.819207906723,5i70z5rc
