loss,ssl_loss,svm_accuracy,knn_accuracy,perplexity,val_perplexity,mean_abs_corr_off_diagonal,mean_abs_cos_sim_off_diagonal,val_loss,training_time,run_id
0.3130685091018677,,0.33166666666666667,0.225,22.59349822998047,22.77584457397461,0.35521119832992554,0.35692140460014343,0.0523235946893692,2894.073766469955,mazwzawt
0.31126394867897034,,0.32,0.24333333333333337,25.292783737182617,24.862972259521484,0.32286858558654785,0.32200154662132263,0.06471613794565201,2562.4212913513184,z7bz9nuv
