loss,ssl_loss,svm_accuracy,knn_accuracy,perplexity,val_perplexity,mean_abs_corr_off_diagonal,mean_abs_cos_sim_off_diagonal,val_loss,training_time,run_id
0.22974562644958496,,0.31166666666666665,0.2783333333333333,24.229463577270508,24.193124771118164,0.4404599368572235,0.44809120893478394,0.04809649661183357,1609.087914228439,pysdb97o
0.24237944185733795,,0.35,0.27166666666666667,23.654796600341797,24.1600399017334,0.4971868097782135,0.4977402687072754,0.07644647359848022,2705.68385720253,b2ooqz1v
