loss,ssl_loss,svm_accuracy,knn_accuracy,perplexity,val_perplexity,mean_abs_corr_off_diagonal,mean_abs_cos_sim_off_diagonal,val_loss,training_time,run_id
1.7921525239944458,,0.25,0.22666666666666663,20.415082931518555,20.360816955566406,0.3025386929512024,0.3157501816749573,0.03790830075740814,1695.5540330410004,n3qiiu2g
1.4663480520248413,,0.29333333333333333,0.23833333333333337,25.475122451782227,25.427730560302734,0.2972092628479004,0.29940617084503174,0.043153490871191025,1406.843789577484,j2biudht
