loss,ssl_loss,svm_accuracy,knn_accuracy,perplexity,val_perplexity,mean_abs_corr_off_diagonal,mean_abs_cos_sim_off_diagonal,val_loss,training_time,run_id
0.004429127089679241,,0.285,0.23333333333333336,25.859262466430664,25.710437774658203,0.34838762879371643,0.37913334369659424,0.03082188405096531,1743.249718427658,xdip38wg
0.006187929306179285,,0.2866666666666667,0.21666666666666667,23.77425193786621,23.702646255493164,0.31867605447769165,0.32897505164146423,0.04528103768825531,1695.6567904949188,z7165l4r
