loss,ssl_loss,svm_accuracy,knn_accuracy,perplexity,val_perplexity,mean_abs_corr_off_diagonal,mean_abs_cos_sim_off_diagonal,val_loss,training_time,run_id
0.003512407653033734,,0.3616666666666667,0.32,23.88555908203125,24.15376091003418,0.41983529925346375,0.45926356315612793,0.049255721271038055,1694.4304127693176,ens4mc7j
0.0038448767736554146,,0.3566666666666667,0.335,23.008403778076172,23.066112518310547,0.3665646612644195,0.3861561417579651,0.05556303262710571,1173.308409690857,fcqwiyhh
0.0038624280132353306,,0.30833333333333335,0.30666666666666664,22.52900505065918,22.505876541137695,0.3865640163421631,0.40099143981933594,0.03973972424864769,1517.5147614479065,kgaj7jqq
