loss,ssl_loss,svm_accuracy,knn_accuracy,perplexity,val_perplexity,mean_abs_corr_off_diagonal,mean_abs_cos_sim_off_diagonal,val_loss,training_time,run_id
1.385406494140625,,0.2683333333333333,0.24833333333333332,23.84006690979004,23.7574520111084,0.26608040928840637,0.2741503417491913,0.04755471646785736,1818.28333735466,5evaulsl
