loss,ssl_loss,svm_accuracy,knn_accuracy,perplexity,val_perplexity,mean_abs_corr_off_diagonal,mean_abs_cos_sim_off_diagonal,val_loss,training_time,run_id
2.275533437728882,,0.345,0.3566666666666667,23.691680908203125,23.92278480529785,0.3810954689979553,0.4049099087715149,0.04742929711937904,1775.9692749977112,8p8no965
1.6650882959365845,,0.35,0.3,22.37119483947754,22.444360733032227,0.3050733804702759,0.3189238905906677,0.05458497256040573,1250.9466466903689,r9ug8gaa
1.7876368761062622,,0.30833333333333335,0.26,22.04806900024414,22.234220504760746,0.3288149833679199,0.3394851088523865,0.038757096976041794,1565.027505159378,294rh20r
