loss,ssl_loss,svm_accuracy,knn_accuracy,perplexity,val_perplexity,mean_abs_corr_off_diagonal,mean_abs_cos_sim_off_diagonal,val_loss,training_time,run_id
1.7302254438400269,,0.23666666666666664,0.22333333333333333,24.348310470581055,24.065763473510746,0.3093531131744385,0.310118705034256,0.04392801225185394,2889.558321237564,s3gotj34
