loss,ssl_loss,svm_accuracy,knn_accuracy,perplexity,val_perplexity,mean_abs_corr_off_diagonal,mean_abs_cos_sim_off_diagonal,val_loss,training_time,run_id
1.966646194458008,,0.5383333333333333,0.44166666666666665,19.706884384155273,20.15165328979492,0.3733392357826233,0.3688356876373291,0.07088682055473328,3058.3995854854584,zo9338f6
2.8204288482666016,,0.575,0.48833333333333334,22.799814224243164,22.548376083374023,0.4656408727169037,0.4807578921318054,0.07634350657463074,2120.243591785431,mdt1ynih
2.15913724899292,,0.5683333333333334,0.5016666666666667,21.181604385375977,20.98046875,0.3656766712665558,0.39262980222702026,0.06807427108287811,2838.2796754837036,rw42djx4
