loss,ssl_loss,svm_accuracy,knn_accuracy,perplexity,val_perplexity,mean_abs_corr_off_diagonal,mean_abs_cos_sim_off_diagonal,val_loss,training_time,run_id
0.031659357249736786,,0.26166666666666666,0.23,25.377063751220703,25.305334091186523,0.3612176179885864,0.3608185648918152,0.040107909590005875,2668.6341342926025,tpbscefl
