loss,ssl_loss,svm_accuracy,knn_accuracy,perplexity,val_perplexity,mean_abs_corr_off_diagonal,mean_abs_cos_sim_off_diagonal,val_loss,training_time,run_id
0.04351240023970604,,0.295,0.23833333333333337,25.34999084472656,24.82230567932129,0.3474966287612915,0.3689894378185272,0.036687638610601425,2886.9730043411255,724zd1cx
0.04248252138495445,,0.31,0.24333333333333337,25.659725189208984,25.349199295043945,0.4185305535793304,0.4207920432090759,0.04602803289890289,2556.1355471611023,w22ly3op
