kurtosis,coverage,entropy,FID,IS_mean,prior_loss,IS_std,skewness,variety (Gini),run_id
1.532979846266123,0.7603124976158142,3.180724859237671,3.856932940435381,1.5503064393997192,1.3753334283828735,0.05689922720193863,1.5863703069227475,0.4114583432674408,0peyprjk
-0.39662779954018257,0.7784374952316284,3.2774088382720947,6.42697749533213,1.2604243755340576,0.22479405999183655,0.06624279916286469,0.5860175880617364,0.34174999594688416,y8yb1oau
