kurtosis,coverage,entropy,FID,IS_mean,prior_loss,IS_std,skewness,variety (Gini),run_id
2.392059371118039,0.765625,3.27465295791626,2.632388878558569,1.4555474519729614,1.342266321182251,0.06752768903970718,1.711353829047822,0.32903334498405457,b4hlcffo
-0.6405839459020046,0.6762499809265137,3.1183414459228516,1.8464412436557929,1.3328335285186768,2.3765103816986084,0.07473789155483246,0.7208348299673805,0.4566999971866608,e0iozlni
0.9677572840507916,0.7534375190734863,3.2602131366729736,1.957275489203016,1.6189454793930054,0.029174627736210823,0.0418732613325119,1.0697687055038037,0.34755000472068787,5s9h4eys
