kurtosis,coverage,entropy,FID,IS_mean,prior_loss,IS_std,skewness,variety (Gini),run_id
4.041460424411351,0.753125011920929,3.061490297317505,4.420226085727031,1.1643407344818115,0.2639772593975067,0.04558774456381798,2.2566891973850165,0.464941680431366,7p3pk126
4.054648920049644,0.7553125023841858,3.0933148860931396,4.240557030609125,1.1450765132904053,1.2522988319396973,0.054287854582071304,2.0729253536330567,0.46230000257492065,b7pdrmcw
