kurtosis,coverage,entropy,FID,IS_mean,prior_loss,IS_std,skewness,variety (Gini),run_id
-0.09522664137726444,0.8228124976158142,3.306830883026123,2.452572770627261,1.556216597557068,0.14514857530593872,0.08486885577440262,0.7910669236141985,0.3115749955177307,0tc9bdw1
3.5180543790277925,0.7709375023841858,3.146178722381592,5.705631539335192,1.1334333419799805,0.02796018496155739,0.025715583935379985,2.091792736685091,0.419358342885971,owtpgnp3
2.2954155135094885,0.8462499976158142,3.296285629272461,2.5524542045203864,1.3627485036849976,2.283060312271118,0.05924871563911438,1.7122395533171604,0.31482499837875366,48m0v3dn
