kurtosis,coverage,entropy,FID,IS_mean,prior_loss,IS_std,skewness,variety (Gini),run_id
4.082141994878103,0.7334374785423279,3.095156669616699,1.740123297667364,1.5387638807296753,1.3060829639434814,0.05672646686434746,2.1271914293761633,0.4569999873638153,nyn4z304
4.479438688085636,0.7603124976158142,3.1076440811157227,2.9373907183891927,1.3682950735092163,0.9465829133987428,0.06278769671916962,2.157749162830123,0.4537666738033294,adznn9je
