kurtosis,coverage,entropy,FID,IS_mean,prior_loss,IS_std,skewness,variety (Gini),run_id
-0.32406690082293066,0.7496874928474426,3.2136948108673096,2.1986038222861244,1.5696539878845217,0.11412078887224196,0.046869274228811264,0.8982909056695729,0.39621666073799133,iv2mse7k
1.2361350373618611,0.7425000071525574,3.125861883163452,2.92424354603124,1.3658077716827393,1.5303013324737549,0.0580279715359211,1.4788867128832817,0.4525749981403351,i1medyu1
