kurtosis,coverage,entropy,FID,IS_mean,prior_loss,IS_std,skewness,variety (Gini),run_id
2.614778273930394,0.8021875023841858,3.239539623260498,3.5926608128975217,1.3568475246429443,0.0297186728566885,0.04682401940226555,1.8853688059933955,0.3568499982357025,uadgrcxr
1.7483976185703405,0.7718750238418579,3.1358351707458496,7.883079012427074,1.0382829904556274,0.8549249172210693,0.027033545076847076,1.7687599656365929,0.42506667971611023,zzefw311
-0.26482683981417443,0.8612499833106995,3.359161138534546,2.207055950893998,1.4961668252944946,0.36436304450035095,0.04301172494888306,0.9221792172632391,0.2607666552066803,9fmatts4
