kurtosis,coverage,entropy,FID,IS_mean,prior_loss,IS_std,skewness,variety (Gini),run_id
-0.2456972980810952,0.7587500214576721,3.329335927963257,3.005318434073503,1.511511206626892,2.4474985599517822,0.07983105629682541,0.8331328522888598,0.29534998536109924,hv3xe659
3.48926179133419,0.7540624737739563,3.2694449424743652,4.088217281079672,1.421687364578247,2.2685258388519287,0.052525945007801056,1.5433205781019357,0.3389583230018616,tf4pq7wp
0.01500220908816008,0.7400000095367432,3.3036038875579834,2.1002464672305794,1.4524028301239014,2.1304171085357666,0.06708759069442749,0.63062202876605,0.3145666718482971,0c2jmyjy
