kurtosis,coverage,entropy,FID,IS_mean,prior_loss,IS_std,skewness,variety (Gini),run_id
1.05285490621365,0.7556250095367432,3.260721206665039,3.750048467832248,1.4891737699508667,0.12083949893712996,0.08217041939496994,1.1597261105913377,0.35620832443237305,p6bfm1fy
-0.8439608468688893,0.7628124952316284,3.270378351211548,4.068727463898263,1.3194798231124878,2.2712109088897705,0.05379929393529892,0.31761872564197235,0.3361166715621948,oz1rypwg
-1.0465809177294134,0.7612500190734863,3.383479118347168,2.7253838814599245,1.587709665298462,2.6204378604888916,0.0663042962551117,0.18038764581962224,0.22717499732971191,i86w4sga
