kurtosis,coverage,entropy,FID,IS_mean,prior_loss,IS_std,skewness,variety (Gini),run_id
1.2943906804052654,0.7465624809265137,3.1761791706085205,3.7942151788170566,1.5073844194412231,0.032122403383255005,0.05672062188386917,1.447195125352499,0.4204833209514618,0keylcar
2.725551401594335,0.7015625238418579,2.936798334121704,4.98443159634627,1.2060182094573977,1.029549479484558,0.026400361210107803,2.02134414564867,0.5227833390235901,kwr7tr70
