kurtosis,coverage,entropy,FID,IS_mean,prior_loss,IS_std,skewness,variety (Gini),run_id
2.172230089445523,0.7090625166893005,3.0829482078552246,2.1743470435416676,1.4860013723373413,0.21882997453212735,0.09438768029212952,1.6715784031434275,0.470116674900055,ulqfava7
4.170933238027592,0.8356249928474426,3.255194187164306,2.754655775925712,1.4381564855575562,1.643563985824585,0.05800389871001243,2.1624793681776824,0.33994999527931213,a3pduj9l
