svm_accuracy,knn_accuracy,perplexity,val_perplexity,mean_abs_corr_off_diagonal,mean_abs_cos_sim_off_diagonal,val_loss,training_time,run_id
0.7806925498426023,0.7660020986358866,14.866788864135742,15.17632293701172,0.24654830992221832,0.2463078051805496,0.6573461294174194,1120.8227751255035,vs25y2ue
0.7681007345225603,0.7995802728226653,17.4310302734375,17.868492126464844,0.26246362924575806,0.2619968354701996,0.5824218988418579,1049.355276107788,6trbdotq
0.7607555089192025,0.7565582371458552,11.525635719299316,12.114035606384276,0.26274576783180237,0.26067399978637695,0.6712987422943115,1289.2163276672363,t9ym8n58
0.8604407135362014,0.7618048268625394,14.246925354003906,14.845742225646973,0.25981998443603516,0.25864508748054504,0.5772953033447266,977.5074961185456,ffj5geq7
