kurtosis,coverage,entropy,FID,IS_mean,prior_loss,IS_std,skewness,variety (Gini),run_id
3.105583600685881,0.621874988079071,3.1848530769348145,29.03854096750672,4.129950046539307,1.2016791105270386,0.21699748933315277,1.7269542605382069,0.4086875021457672,31dlnxdd
17.251577417053536,0.6656249761581421,3.191030979156494,24.457318281121136,3.726996898651123,0.5120335817337036,0.24603335559368136,4.001750344305649,0.3573906123638153,cu108ayb
