kurtosis,coverage,entropy,FID,IS_mean,prior_loss,IS_std,skewness,variety (Gini),run_id
0.8546176395607747,0.6190624833106995,3.1499156951904297,28.545650642008507,4.117430686950684,0.22759370505809784,0.26687124371528625,1.585617029106299,0.4105624854564667,wov0n2nt
2.777125197827526,0.6090624928474426,3.071720600128174,23.495770773455988,3.951349258422851,0.4324294924736023,0.1902289837598801,2.0132988464200996,0.4598281383514404,ie140uio
