kurtosis,coverage,entropy,FID,IS_mean,prior_loss,IS_std,skewness,variety (Gini),run_id
17.251577417053536,0.6656249761581421,3.191030979156494,24.457318281121136,3.726996898651123,0.5120335817337036,0.24603335559368136,4.001750344305649,0.3573906123638153,cu108ayb
