kurtosis,coverage,entropy,FID,IS_mean,prior_loss,IS_std,skewness,variety (Gini),run_id
12.636206100773489,0.6299999952316284,3.148107528686523,27.277772070271567,4.455533504486084,0.2700973451137543,0.30385708808898926,3.4102094436946446,0.3959062397480011,es2iab3r
12.353819213387643,0.6534374952316284,3.223034143447876,20.722460735635167,4.631930828094482,0.699741005897522,0.3947240114212036,3.306548901633244,0.34946873784065247,a4adssr1
