kurtosis,coverage,entropy,FID,IS_mean,prior_loss,IS_std,skewness,variety (Gini),run_id
1.766982393540789,0.5909374952316284,3.1264898777008057,34.71249557879461,4.8556342124938965,0.8287016153335571,0.32911500334739685,1.5167558985599838,0.4513281285762787,wquwbq81
-0.11973182933966876,0.5731250047683716,3.098480224609375,30.758799945280376,4.967795372009277,0.10161901265382768,0.3996429443359375,0.9651599382023598,0.4716093838214874,hv0l5z91
19.39121374800582,0.5787500143051147,2.9140734672546387,36.31700483624496,4.816758155822754,0.2147073596715927,0.22406220436096191,4.305674394053322,0.5140156149864197,ou6okmxr
