kurtosis,coverage,entropy,FID,IS_mean,prior_loss,IS_std,skewness,variety (Gini),run_id
3.175522401704126,0.5903124809265137,3.097445249557495,34.23422198199465,4.865432262420654,0.10991401970386504,0.23757198452949524,2.044282347919911,0.4522656202316284,rjfodfxj
-0.17559238673640287,0.5853124856948853,3.143125534057617,32.525832259381524,4.917878150939941,1.2367476224899292,0.22989478707313535,1.0272296756714163,0.443296879529953,9j94oj7y
12.315037237997466,0.574999988079071,2.992281913757324,37.8935493909872,4.598875045776367,0.39566105604171753,0.15763847529888153,3.297839964571222,0.5031874775886536,f2g8zn8m
