kurtosis,coverage,entropy,FID,IS_mean,prior_loss,IS_std,skewness,variety (Gini),run_id
13.53175081260816,0.6071875095367432,3.0114455223083496,29.190104195047414,3.977081298828125,0.5510518550872803,0.3148805797100067,3.659542554257639,0.45021873712539673,rcf2gsqk
18.04875315255082,0.6768749952316284,3.2213752269744873,32.20705845475995,4.14932918548584,0.9117804169654846,0.24909815192222595,4.130343999502372,0.3191874921321869,dkng09y1
