kurtosis,coverage,entropy,FID,IS_mean,prior_loss,IS_std,skewness,variety (Gini),run_id
4.99270835482495,0.6625000238418579,3.22287654876709,31.71316198177046,3.91422700881958,0.4134215712547302,0.3092569410800934,1.8207197234727357,0.3774375021457672,eng6d6xz
17.605592348632918,0.6328125,3.130718231201172,28.00616212626196,4.177565097808838,0.29992014169692993,0.23614318668842316,4.03492468795081,0.3977968692779541,825abve9
24.167739262242247,0.6612499952316284,3.122443437576294,31.042579609700653,4.12247371673584,0.554670512676239,0.2824852466583252,4.976320984805668,0.349734365940094,v85ko72i
