kurtosis,coverage,entropy,FID,IS_mean,prior_loss,IS_std,skewness,variety (Gini),run_id
0.6918942379022943,0.6571875214576721,3.2456297874450684,30.11613751780675,4.072939872741699,0.03714242950081825,0.26428675651550293,1.3082924838764234,0.3612343668937683,6b6nv3r6
19.500791192484712,0.6625000238418579,3.1617274284362793,21.28350767639668,4.3798346519470215,0.14689114689826965,0.290245920419693,4.314770268490693,0.36579686403274536,kkw1d70q
