kurtosis,coverage,entropy,FID,IS_mean,prior_loss,IS_std,skewness,variety (Gini),run_id
1.3448820887378004,0.6606249809265137,3.242990255355835,30.925111255777654,4.13924503326416,0.35792359709739685,0.2719360589981079,1.5328723725006703,0.3581250011920929,bnxnffi8
20.13770296719652,0.6534374952316284,3.170767068862915,22.617986917797225,4.380910396575928,0.32251206040382385,0.1879798173904419,4.407632638849819,0.351375013589859,kdtgvk75
