kurtosis,coverage,entropy,FID,IS_mean,prior_loss,IS_std,skewness,variety (Gini),run_id
0.8390390471043885,0.6587499976158142,3.2580180168151855,29.805629308704408,4.187772274017334,0.038307949900627136,0.14691093564033508,1.4709677515787023,0.3434218764305115,5yiu1tga
19.15213914115115,0.6653125286102295,3.164536952972412,20.78288158061747,4.233822822570801,0.07300425320863724,0.1753520965576172,4.300769403287028,0.35423436760902405,gnz7p8tq
