kurtosis,coverage,entropy,FID,IS_mean,prior_loss,IS_std,skewness,variety (Gini),run_id
0.867756509601449,0.6571875214576721,3.252246379852295,29.61172362980751,4.127911567687988,0.07179605960845947,0.36650872230529785,1.3584478581946682,0.3582499921321869,3fz1aw71
19.509997608536196,0.65625,3.1599972248077393,24.14515686602264,4.466310501098633,0.2023034989833832,0.2900828719139099,4.298547264941772,0.3715468645095825,1rvo0uue
