kurtosis,coverage,entropy,FID,IS_mean,prior_loss,IS_std,skewness,variety (Gini),run_id
19.500791192484712,0.6625000238418579,3.1617274284362793,21.28350767639668,4.3798346519470215,0.14689114689826965,0.290245920419693,4.314770268490693,0.36579686403274536,kkw1d70q
