kurtosis,coverage,entropy,FID,IS_mean,prior_loss,IS_std,skewness,variety (Gini),run_id
18.891632413179607,0.59375,2.983470678329468,35.48303235727967,4.564438819885254,0.06236771121621132,0.2512589693069458,4.248251569630513,0.47703126072883606,drckukl0
6.313076171837919,0.6196874976158142,3.113670110702514,34.69865851503268,4.702264785766602,1.1789404153823853,0.2663861811161041,2.5523140634276045,0.4354375004768371,9ylyrl34
17.68029275205089,0.6200000047683716,3.032135486602783,40.93705574854792,4.577773571014404,0.8141413331031799,0.2469648718833923,4.050736046458038,0.4627343714237213,xqerp9f8
