kurtosis,coverage,entropy,FID,IS_mean,prior_loss,IS_std,skewness,variety (Gini),run_id
1.0062607504496217,0.6493750214576721,3.2404520511627197,29.483167874670514,4.288359642028809,0.9149394035339355,0.3594040870666504,1.4853808334219072,0.355656236410141,3dojlg4l
0.6025403828004934,0.6612499952316284,3.236163377761841,20.4481253404116,4.328416347503662,0.14160141348838806,0.1659383326768875,1.401255641954625,0.3681718707084656,6onz3h66
