kurtosis,coverage,entropy,FID,IS_mean,prior_loss,IS_std,skewness,variety (Gini),run_id
2.1942883935083177,0.6615625023841858,3.253176212310791,28.51597256661553,4.108492851257324,0.7059091925621033,0.29680365324020386,1.6261362650172115,0.35785937309265137,th0rl8g9
4.58645553941244,0.6793749928474426,3.273653030395508,22.389562429363966,4.392202377319336,0.8699303269386292,0.32768315076828003,2.156913554180948,0.3253124952316284,fedststc
