kurtosis,coverage,entropy,FID,IS_mean,prior_loss,IS_std,skewness,variety (Gini),run_id
1.68052874697754,0.6371874809265137,3.1723508834838867,29.66980436510865,4.189242839813232,0.7372099161148071,0.2801531255245209,1.700405724238139,0.40556249022483826,wc8m4gxk
2.4331966392000854,0.6565625071525574,3.226187944412231,21.617355273915297,4.283046245574951,1.3518998622894287,0.34972715377807617,1.7930778603070323,0.3706875145435333,8vh7vetb
