kurtosis,coverage,entropy,FID,IS_mean,prior_loss,IS_std,skewness,variety (Gini),run_id
17.202134689720708,0.6012499928474426,2.9819693565368652,37.40412107864119,4.594779014587402,0.2695707082748413,0.1956612467765808,4.065110339538477,0.4762499928474426,jw3jbiyu
3.9086209433169623,0.6225000023841858,3.1215827465057373,35.199755380288984,4.719870090484619,0.7583483457565308,0.3587050139904022,1.9927209944307052,0.4472500085830689,0hsfpfaf
17.484762908117148,0.6150000095367432,3.049131393432617,35.959665212841266,4.868078231811523,0.4243133068084717,0.3664543330669403,4.027963362783732,0.4527656137943268,kn4u3jt6
