kurtosis,coverage,entropy,FID,IS_mean,prior_loss,IS_std,skewness,variety (Gini),run_id
2.697020216196991,0.6490625143051147,3.2203376293182373,30.166209398560312,4.24174690246582,0.20318061113357544,0.23422949016094208,1.8283325271118045,0.3798750042915344,xhaz47ct
3.246996302579902,0.6656249761581421,3.2526614665985107,20.97362985467423,3.960897445678711,1.1816574335098269,0.2540832757949829,1.9349745790083048,0.3453125059604645,28ciqb16
