loss,ssl_loss,svm_accuracy,knn_accuracy,perplexity,val_perplexity,mean_abs_corr_off_diagonal,mean_abs_cos_sim_off_diagonal,val_loss,training_time,run_id
0.34319502115249634,,0.5555,0.33125,25.26006507873535,25.071880340576172,0.35235846042633057,0.35149478912353516,0.17763954401016235,2159.936110496521,3n1wvt5e
0.3681102395057678,,0.6695,0.43025,21.23793601989746,21.21563148498535,0.3693152964115143,0.41025757789611816,0.23652048408985135,2158.648677587509,thrfs17o
