loss,ssl_loss,svm_accuracy,knn_accuracy,perplexity,val_perplexity,mean_abs_corr_off_diagonal,mean_abs_cos_sim_off_diagonal,val_loss,training_time,run_id
2.185272693634033,,0.90875,0.73775,19.95106506347656,19.57914352416992,0.37046554684638977,0.37278473377227783,0.22680802643299103,4352.30658864975,coe37ghw
2.176255702972412,,0.883,0.64375,22.496397018432617,21.727794647216797,0.37225010991096497,0.3751325309276581,0.2089848816394806,3872.55888414383,d22qewlr
2.1580939292907715,,0.89575,0.7195,20.08852195739746,19.507396697998047,0.35304179787635803,0.3635426163673401,0.21744829416275024,4235.457047700882,c47ujbqt
2.614868640899658,,0.89,0.67275,20.72920799255371,20.36134910583496,0.3983813226222992,0.4000743627548218,0.20922082662582395,4216.040713787079,yy9xfm8b
