loss,ssl_loss,svm_accuracy,knn_accuracy,perplexity,val_perplexity,mean_abs_corr_off_diagonal,mean_abs_cos_sim_off_diagonal,val_loss,training_time,run_id
0.34257954359054565,,0.91375,0.64,19.183326721191406,18.68613052368164,0.3368360996246338,0.3375840485095978,0.2120840549468994,4131.806359052658,datbu9zd
0.3876357078552246,,0.92475,0.685,20.643753051757812,19.96632194519043,0.38636353611946106,0.39788562059402466,0.22127674520015717,3644.4105727672577,52k11l58
0.3722330033779144,,0.95375,0.77225,22.3045711517334,21.444982528686523,0.3845382630825043,0.3834020495414734,0.19995373487472537,3977.800712823868,kilxibr0
0.4002838134765625,,0.94175,0.74775,21.194978713989254,20.47313117980957,0.38059619069099426,0.3904512822628021,0.18289589881896973,3942.109507799149,18i0optz
