loss,ssl_loss,svm_accuracy,knn_accuracy,perplexity,val_perplexity,mean_abs_corr_off_diagonal,mean_abs_cos_sim_off_diagonal,val_loss,training_time,run_id
0.06960681080818176,,0.50225,0.311,22.9398193359375,22.95292854309082,0.35589799284935,0.3578190803527832,0.20424363017082217,2002.1560745239256,wmc9ku00
0.08575554192066193,,0.47925,0.323,24.535747528076172,24.211389541625977,0.2935362756252289,0.29702308773994446,0.18266332149505615,1954.3896963596344,9ccn1g8q
