loss,ssl_loss,svm_accuracy,knn_accuracy,perplexity,val_perplexity,mean_abs_corr_off_diagonal,mean_abs_cos_sim_off_diagonal,val_loss,training_time,run_id
0.05818399786949158,,0.5195,0.29975,25.790658950805664,25.71286392211914,0.388837605714798,0.3834421634674072,0.18460191786289215,1289.796817302704,l9y2wdup
0.07392191886901855,,0.5185,0.33575,25.750181198120117,25.291763305664062,0.3390547037124634,0.3469404876232147,0.19868862628936768,1378.2112300395966,yu3kdvdh
