loss,ssl_loss,svm_accuracy,knn_accuracy,perplexity,val_perplexity,mean_abs_corr_off_diagonal,mean_abs_cos_sim_off_diagonal,val_loss,training_time,run_id
0.09426110982894896,,0.56075,0.342,22.752233505249023,22.814985275268555,0.33984947204589844,0.3431078791618347,0.19728083908557892,2413.2685635089874,1upscic8
0.10697697103023528,,0.62275,0.35125,25.33332633972168,25.027570724487305,0.3406175673007965,0.34569498896598816,0.20480234920978543,2173.6056032180786,qcssun57
0.09053585678339005,,0.581,0.35825,24.262603759765625,23.708654403686523,0.3367992341518402,0.3402757942676544,0.19740037620067596,2304.3223145008087,6uf3bjch
0.1055813878774643,,0.45675,0.2985,23.832490921020508,23.798667907714844,0.3516027629375458,0.34948521852493286,0.18678051233291623,2316.8092274665833,8e9nw0jp
