loss,ssl_loss,svm_accuracy,knn_accuracy,perplexity,val_perplexity,mean_abs_corr_off_diagonal,mean_abs_cos_sim_off_diagonal,val_loss,training_time,run_id
1.770031213760376,,0.42725,0.32,24.394004821777344,24.51285171508789,0.3601420521736145,0.35493800044059753,0.19563737511634827,1378.3079273700714,ewu2bfjy
1.5542134046554563,,0.5145,0.33325,24.41482162475586,24.243696212768555,0.3142528533935547,0.3230673670768738,0.2109716683626175,1351.3097894191742,2yo2mzuo
