loss,ssl_loss,svm_accuracy,knn_accuracy,perplexity,val_perplexity,mean_abs_corr_off_diagonal,mean_abs_cos_sim_off_diagonal,val_loss,training_time,run_id
1.5414390563964844,,0.562,0.3395,24.347253799438477,24.43146514892578,0.3183717131614685,0.31879493594169617,0.19482317566871643,2536.266671180725,y5zhw3q2
1.5735654830932615,,0.6425,0.3425,24.980459213256836,24.647798538208008,0.3232155442237854,0.32255229353904724,0.19005873799324036,2281.5452342033386,2irm6hb1
1.6031317710876465,,0.626,0.37275,24.110023498535156,23.75085067749023,0.3254765570163727,0.3277021646499634,0.21082434058189392,2479.4147322177887,vx21gtz8
1.5942332744598389,,0.36375,0.30475,24.86868667602539,25.029521942138672,0.3264489769935608,0.3237344026565552,0.16528314352035522,2394.4033267498016,97dkzz5s
