loss,ssl_loss,svm_accuracy,knn_accuracy,perplexity,val_perplexity,mean_abs_corr_off_diagonal,mean_abs_cos_sim_off_diagonal,val_loss,training_time,run_id
0.05973760783672333,,0.5425,0.32,25.017005920410156,25.27442741394043,0.3649967312812805,0.36114856600761414,0.17916467785835266,1339.467740535736,vlao5v6m
0.07615702599287033,,0.50475,0.3405,24.437326431274418,24.18663024902344,0.33158811926841736,0.3436046540737152,0.2035825103521347,1376.959288597107,makhcgyr
