loss,ssl_loss,svm_accuracy,knn_accuracy,perplexity,val_perplexity,mean_abs_corr_off_diagonal,mean_abs_cos_sim_off_diagonal,val_loss,training_time,run_id
1.6788753271102903,,0.707,0.444,22.157373428344727,22.057260513305664,0.32959485054016113,0.33165955543518066,0.1879097521305084,2281.8635404109955,o4k6mamz
1.8270161151885984,,0.7265,0.52125,23.39900016784668,23.213951110839844,0.32392624020576477,0.3491935729980469,0.20031434297561648,2261.7337741851807,xbcad2q1
