loss,ssl_loss,svm_accuracy,knn_accuracy,perplexity,val_perplexity,mean_abs_corr_off_diagonal,mean_abs_cos_sim_off_diagonal,val_loss,training_time,run_id
0.1353195458650589,,0.69525,0.43025,22.067689895629883,21.888572692871097,0.3349895775318146,0.33716467022895813,0.1835114359855652,2198.838133096695,gi275rng
0.1585468947887421,,0.67775,0.49325,23.58459091186523,22.707752227783203,0.31172800064086914,0.3746362626552582,0.19415152072906497,2183.327358007431,snhxl2r9
