loss,ssl_loss,svm_accuracy,knn_accuracy,perplexity,val_perplexity,mean_abs_corr_off_diagonal,mean_abs_cos_sim_off_diagonal,val_loss,training_time,run_id
0.11387616395950316,,0.89925,0.58575,17.967517852783203,17.971879959106445,0.3045389652252197,0.3037937581539154,0.2205635607242584,4150.314444541931,3rb2my7a
0.12420308589935304,,0.916,0.763,19.621341705322266,18.533811569213867,0.2870340645313263,0.3055552542209625,0.23263677954673767,3674.1135218143463,v2vs3vqd
0.11328750848770142,,0.9115,0.6525,20.29472541809082,19.72514533996582,0.28293564915657043,0.28884178400039673,0.22245879471302032,4064.406933784485,rbgqbsov
0.1224825233221054,,0.889,0.603,19.672409057617188,19.20096206665039,0.3566458821296692,0.3587062656879425,0.2139143943786621,4029.234552145004,9vp03mn2
